Origin,Destination,auto,transit,bike,walk,others,Total_flows,X_Org,Y_Org,X_Dest,Y_Dest
1128.04,1128.15,50.0,0.0,0.0,0.0,0.0,50.0,-111.862777239,40.5515369657,-111.79691893299999,40.5295233107
1128.04,1130.14,0.0,0.0,0.0,0.0,0.0,0.0,-111.862777239,40.5515369657,-111.94846811200001,40.5308388373
1128.04,1130.12,0.0,0.0,0.0,0.0,0.0,0.0,-111.862777239,40.5515369657,-111.920766871,40.5589868638
1128.04,1130.2,0.0,0.0,0.0,0.0,0.0,0.0,-111.862777239,40.5515369657,-111.99405361,40.551548854699995
1128.04,1131.05,0.0,0.0,0.0,0.0,0.0,0.0,-111.862777239,40.5515369657,-112.11799308799999,40.525950728000005
1128.04,1130.17,0.0,0.0,0.0,0.0,0.0,0.0,-111.862777239,40.5515369657,-111.948248678,40.511392168899995
1128.04,1128.16,40.0,0.0,0.0,0.0,0.0,40.0,-111.862777239,40.5515369657,-111.86946193200001,40.505817353400005
1128.04,1128.23,100.0,0.0,0.0,0.0,0.0,100.0,-111.862777239,40.5515369657,-111.880345644,40.5350877531
1128.04,1128.19,50.0,0.0,0.0,0.0,0.0,50.0,-111.862777239,40.5515369657,-111.88006962600001,40.5140635727
1128.04,1130.11,50.0,0.0,0.0,0.0,0.0,50.0,-111.862777239,40.5515369657,-111.94344956,40.5508508861
1128.04,1128.18,20.0,0.0,0.0,0.0,0.0,20.0,-111.862777239,40.5515369657,-111.901426578,40.4952724011
1128.04,1128.22,80.0,20.0,0.0,0.0,0.0,100.0,-111.862777239,40.5515369657,-111.88153857200001,40.5515553247
1128.04,1151.06,8.0,0.0,0.0,0.0,0.0,8.0,-111.862777239,40.5515369657,-112.004628549,40.4599044577
1128.04,1128.17,320.0,0.0,0.0,0.0,10.0,330.0,-111.862777239,40.5515369657,-111.90526891399999,40.5305236091
1128.04,1146.0,30.0,0.0,0.0,0.0,0.0,30.0,-111.862777239,40.5515369657,-111.927991851,40.518957980100005
1128.04,1128.2,70.0,0.0,0.0,0.0,0.0,70.0,-111.862777239,40.5515369657,-111.879865905,40.4794072388
1128.04,1130.16,0.0,0.0,0.0,0.0,0.0,0.0,-111.862777239,40.5515369657,-111.975449825,40.5114696296
1128.04,1128.21,20.0,0.0,0.0,0.0,0.0,20.0,-111.862777239,40.5515369657,-111.84131474799999,40.4979086579
1128.04,1130.19,40.0,0.0,0.0,0.0,0.0,40.0,-111.862777239,40.5515369657,-111.96976725200001,40.549554590999996
1128.04,1152.09,20.0,0.0,0.0,0.0,0.0,20.0,-111.862777239,40.5515369657,-112.03404403799999,40.5615932734
1128.04,1128.1,0.0,0.0,0.0,0.0,0.0,0.0,-111.862777239,40.5515369657,-111.93998765399999,40.4779393131
1128.04,1128.04,80.0,0.0,0.0,0.0,195.0,275.0,-111.862777239,40.5515369657,-111.862777239,40.5515369657
1128.04,1130.13,20.0,0.0,0.0,0.0,0.0,20.0,-111.862777239,40.5515369657,-111.97543690200001,40.5295980976
1128.04,1131.07,0.0,0.0,0.0,0.0,0.0,0.0,-111.862777239,40.5515369657,-112.01956927100001,40.5162767243
1128.04,1128.05,80.0,0.0,0.0,0.0,0.0,80.0,-111.862777239,40.5515369657,-111.86136910399999,40.535781958499996
1128.05,1130.19,20.0,0.0,0.0,0.0,0.0,20.0,-111.86136910399999,40.535781958499996,-111.96976725200001,40.549554590999996
1128.05,1130.17,30.0,0.0,0.0,0.0,0.0,30.0,-111.86136910399999,40.535781958499996,-111.948248678,40.511392168899995
1128.05,1130.12,0.0,0.0,0.0,0.0,0.0,0.0,-111.86136910399999,40.535781958499996,-111.920766871,40.5589868638
1128.05,1128.1,20.0,0.0,0.0,0.0,0.0,20.0,-111.86136910399999,40.535781958499996,-111.93998765399999,40.4779393131
1128.05,1128.17,380.0,0.0,0.0,0.0,0.0,380.0,-111.86136910399999,40.535781958499996,-111.90526891399999,40.5305236091
1128.05,1128.15,100.0,0.0,0.0,10.0,0.0,110.0,-111.86136910399999,40.535781958499996,-111.79691893299999,40.5295233107
1128.05,1128.18,0.0,0.0,0.0,0.0,0.0,0.0,-111.86136910399999,40.535781958499996,-111.901426578,40.4952724011
1128.05,1146.0,0.0,0.0,0.0,0.0,0.0,0.0,-111.86136910399999,40.535781958499996,-111.927991851,40.518957980100005
1128.05,1128.19,170.0,0.0,0.0,0.0,0.0,170.0,-111.86136910399999,40.535781958499996,-111.88006962600001,40.5140635727
1128.05,1130.13,50.0,0.0,0.0,0.0,0.0,50.0,-111.86136910399999,40.535781958499996,-111.97543690200001,40.5295980976
1128.05,1128.21,65.0,0.0,0.0,0.0,0.0,65.0,-111.86136910399999,40.535781958499996,-111.84131474799999,40.4979086579
1128.05,1128.04,80.0,0.0,0.0,0.0,0.0,80.0,-111.86136910399999,40.535781958499996,-111.862777239,40.5515369657
1128.05,1128.2,30.0,0.0,0.0,0.0,0.0,30.0,-111.86136910399999,40.535781958499996,-111.879865905,40.4794072388
1128.05,1152.09,50.0,0.0,0.0,0.0,0.0,50.0,-111.86136910399999,40.535781958499996,-112.03404403799999,40.5615932734
1128.05,1130.16,40.0,0.0,0.0,0.0,0.0,40.0,-111.86136910399999,40.535781958499996,-111.975449825,40.5114696296
1128.05,1151.06,0.0,0.0,0.0,0.0,0.0,0.0,-111.86136910399999,40.535781958499996,-112.004628549,40.4599044577
1128.05,1128.05,208.0,0.0,0.0,15.0,165.0,388.0,-111.86136910399999,40.535781958499996,-111.86136910399999,40.535781958499996
1128.05,1131.07,0.0,0.0,0.0,0.0,0.0,0.0,-111.86136910399999,40.535781958499996,-112.01956927100001,40.5162767243
1128.05,1128.22,80.0,0.0,0.0,0.0,0.0,80.0,-111.86136910399999,40.535781958499996,-111.88153857200001,40.5515553247
1128.05,1128.23,60.0,0.0,0.0,0.0,0.0,60.0,-111.86136910399999,40.535781958499996,-111.880345644,40.5350877531
1128.05,1130.11,0.0,0.0,0.0,0.0,0.0,0.0,-111.86136910399999,40.535781958499996,-111.94344956,40.5508508861
1128.05,1131.05,20.0,0.0,0.0,0.0,0.0,20.0,-111.86136910399999,40.535781958499996,-112.11799308799999,40.525950728000005
1128.05,1128.16,50.0,0.0,0.0,0.0,0.0,50.0,-111.86136910399999,40.535781958499996,-111.86946193200001,40.505817353400005
1128.05,1130.14,40.0,0.0,0.0,0.0,0.0,40.0,-111.86136910399999,40.535781958499996,-111.94846811200001,40.5308388373
1128.05,1130.2,20.0,0.0,0.0,0.0,0.0,20.0,-111.86136910399999,40.535781958499996,-111.99405361,40.551548854699995
1128.1,1130.11,70.0,0.0,0.0,0.0,0.0,70.0,-111.93998765399999,40.4779393131,-111.94344956,40.5508508861
1128.1,1128.19,80.0,0.0,0.0,0.0,0.0,80.0,-111.93998765399999,40.4779393131,-111.88006962600001,40.5140635727
1128.1,1128.18,20.0,0.0,0.0,0.0,0.0,20.0,-111.93998765399999,40.4779393131,-111.901426578,40.4952724011
1128.1,1130.2,70.0,0.0,0.0,0.0,0.0,70.0,-111.93998765399999,40.4779393131,-111.99405361,40.551548854699995
1128.1,1128.05,20.0,0.0,0.0,0.0,0.0,20.0,-111.93998765399999,40.4779393131,-111.86136910399999,40.535781958499996
1128.1,1128.21,20.0,0.0,0.0,0.0,0.0,20.0,-111.93998765399999,40.4779393131,-111.84131474799999,40.4979086579
1128.1,1146.0,40.0,0.0,0.0,15.0,0.0,55.0,-111.93998765399999,40.4779393131,-111.927991851,40.518957980100005
1128.1,1130.19,90.0,0.0,0.0,0.0,0.0,90.0,-111.93998765399999,40.4779393131,-111.96976725200001,40.549554590999996
1128.1,1128.15,20.0,0.0,0.0,0.0,0.0,20.0,-111.93998765399999,40.4779393131,-111.79691893299999,40.5295233107
1128.1,1128.04,0.0,0.0,0.0,0.0,0.0,0.0,-111.93998765399999,40.4779393131,-111.862777239,40.5515369657
1128.1,1128.23,120.0,0.0,0.0,0.0,0.0,120.0,-111.93998765399999,40.4779393131,-111.880345644,40.5350877531
1128.1,1128.2,0.0,0.0,0.0,0.0,0.0,0.0,-111.93998765399999,40.4779393131,-111.879865905,40.4794072388
1128.1,1131.05,50.0,0.0,0.0,0.0,0.0,50.0,-111.93998765399999,40.4779393131,-112.11799308799999,40.525950728000005
1128.1,1130.16,100.0,0.0,0.0,0.0,0.0,100.0,-111.93998765399999,40.4779393131,-111.975449825,40.5114696296
1128.1,1128.16,80.0,0.0,0.0,0.0,0.0,80.0,-111.93998765399999,40.4779393131,-111.86946193200001,40.505817353400005
1128.1,1130.13,60.0,0.0,0.0,0.0,0.0,60.0,-111.93998765399999,40.4779393131,-111.97543690200001,40.5295980976
1128.1,1128.1,240.0,0.0,0.0,30.0,399.0,669.0,-111.93998765399999,40.4779393131,-111.93998765399999,40.4779393131
1128.1,1128.17,390.0,0.0,0.0,0.0,0.0,390.0,-111.93998765399999,40.4779393131,-111.90526891399999,40.5305236091
1128.1,1130.14,170.0,0.0,0.0,0.0,0.0,170.0,-111.93998765399999,40.4779393131,-111.94846811200001,40.5308388373
1128.1,1152.09,20.0,0.0,0.0,0.0,0.0,20.0,-111.93998765399999,40.4779393131,-112.03404403799999,40.5615932734
1128.1,1131.07,310.0,0.0,0.0,0.0,0.0,310.0,-111.93998765399999,40.4779393131,-112.01956927100001,40.5162767243
1128.1,1130.12,50.0,0.0,0.0,0.0,0.0,50.0,-111.93998765399999,40.4779393131,-111.920766871,40.5589868638
1128.1,1128.22,30.0,0.0,0.0,0.0,0.0,30.0,-111.93998765399999,40.4779393131,-111.88153857200001,40.5515553247
1128.1,1151.06,50.0,0.0,0.0,0.0,0.0,50.0,-111.93998765399999,40.4779393131,-112.004628549,40.4599044577
1128.1,1130.17,90.0,0.0,0.0,0.0,0.0,90.0,-111.93998765399999,40.4779393131,-111.948248678,40.511392168899995
1128.15,1128.05,100.0,0.0,0.0,10.0,0.0,110.0,-111.79691893299999,40.5295233107,-111.86136910399999,40.535781958499996
1128.15,1128.22,40.0,0.0,0.0,0.0,0.0,40.0,-111.79691893299999,40.5295233107,-111.88153857200001,40.5515553247
1128.15,1131.07,0.0,0.0,0.0,0.0,0.0,0.0,-111.79691893299999,40.5295233107,-112.01956927100001,40.5162767243
1128.15,1128.1,20.0,0.0,0.0,0.0,0.0,20.0,-111.79691893299999,40.5295233107,-111.93998765399999,40.4779393131
1128.15,1131.05,0.0,0.0,0.0,0.0,0.0,0.0,-111.79691893299999,40.5295233107,-112.11799308799999,40.525950728000005
1128.15,1130.11,0.0,0.0,0.0,0.0,0.0,0.0,-111.79691893299999,40.5295233107,-111.94344956,40.5508508861
1128.15,1130.16,8.0,0.0,0.0,0.0,0.0,8.0,-111.79691893299999,40.5295233107,-111.975449825,40.5114696296
1128.15,1128.2,0.0,0.0,0.0,0.0,0.0,0.0,-111.79691893299999,40.5295233107,-111.879865905,40.4794072388
1128.15,1128.21,20.0,0.0,0.0,0.0,0.0,20.0,-111.79691893299999,40.5295233107,-111.84131474799999,40.4979086579
1128.15,1152.09,20.0,0.0,0.0,0.0,0.0,20.0,-111.79691893299999,40.5295233107,-112.03404403799999,40.5615932734
1128.15,1128.23,130.0,0.0,0.0,0.0,0.0,130.0,-111.79691893299999,40.5295233107,-111.880345644,40.5350877531
1128.15,1151.06,0.0,0.0,0.0,0.0,0.0,0.0,-111.79691893299999,40.5295233107,-112.004628549,40.4599044577
1128.15,1128.16,70.0,0.0,0.0,0.0,0.0,70.0,-111.79691893299999,40.5295233107,-111.86946193200001,40.505817353400005
1128.15,1130.14,50.0,0.0,0.0,0.0,0.0,50.0,-111.79691893299999,40.5295233107,-111.94846811200001,40.5308388373
1128.15,1130.2,0.0,0.0,0.0,0.0,0.0,0.0,-111.79691893299999,40.5295233107,-111.99405361,40.551548854699995
1128.15,1128.15,120.0,0.0,0.0,35.0,295.0,450.0,-111.79691893299999,40.5295233107,-111.79691893299999,40.5295233107
1128.15,1128.04,50.0,0.0,0.0,0.0,0.0,50.0,-111.79691893299999,40.5295233107,-111.862777239,40.5515369657
1128.15,1128.19,100.0,0.0,0.0,0.0,0.0,100.0,-111.79691893299999,40.5295233107,-111.88006962600001,40.5140635727
1128.15,1130.13,0.0,0.0,0.0,0.0,0.0,0.0,-111.79691893299999,40.5295233107,-111.97543690200001,40.5295980976
1128.15,1128.17,350.0,0.0,0.0,0.0,0.0,350.0,-111.79691893299999,40.5295233107,-111.90526891399999,40.5305236091
1128.15,1130.17,0.0,0.0,0.0,0.0,0.0,0.0,-111.79691893299999,40.5295233107,-111.948248678,40.511392168899995
1128.15,1130.19,20.0,0.0,0.0,0.0,0.0,20.0,-111.79691893299999,40.5295233107,-111.96976725200001,40.549554590999996
1128.15,1128.18,0.0,0.0,0.0,0.0,0.0,0.0,-111.79691893299999,40.5295233107,-111.901426578,40.4952724011
1128.15,1130.12,110.0,0.0,0.0,0.0,0.0,110.0,-111.79691893299999,40.5295233107,-111.920766871,40.5589868638
1128.15,1146.0,0.0,0.0,0.0,0.0,0.0,0.0,-111.79691893299999,40.5295233107,-111.927991851,40.518957980100005
1128.16,1131.07,160.0,0.0,0.0,0.0,0.0,160.0,-111.86946193200001,40.505817353400005,-112.01956927100001,40.5162767243
1128.16,1128.21,20.0,0.0,20.0,0.0,0.0,40.0,-111.86946193200001,40.505817353400005,-111.84131474799999,40.4979086579
1128.16,1128.1,80.0,0.0,0.0,0.0,0.0,80.0,-111.86946193200001,40.505817353400005,-111.93998765399999,40.4779393131
1128.16,1128.2,230.0,0.0,0.0,0.0,0.0,230.0,-111.86946193200001,40.505817353400005,-111.879865905,40.4794072388
1128.16,1128.19,200.0,0.0,0.0,0.0,0.0,200.0,-111.86946193200001,40.505817353400005,-111.88006962600001,40.5140635727
1128.16,1151.06,30.0,0.0,0.0,0.0,0.0,30.0,-111.86946193200001,40.505817353400005,-112.004628549,40.4599044577
1128.16,1128.04,40.0,0.0,0.0,0.0,0.0,40.0,-111.86946193200001,40.505817353400005,-111.862777239,40.5515369657
1128.16,1130.12,50.0,0.0,0.0,0.0,0.0,50.0,-111.86946193200001,40.505817353400005,-111.920766871,40.5589868638
1128.16,1130.2,100.0,0.0,0.0,0.0,0.0,100.0,-111.86946193200001,40.505817353400005,-111.99405361,40.551548854699995
1128.16,1130.14,60.0,0.0,0.0,0.0,0.0,60.0,-111.86946193200001,40.505817353400005,-111.94846811200001,40.5308388373
1128.16,1130.11,140.0,0.0,0.0,0.0,0.0,140.0,-111.86946193200001,40.505817353400005,-111.94344956,40.5508508861
1128.16,1146.0,70.0,0.0,0.0,0.0,0.0,70.0,-111.86946193200001,40.505817353400005,-111.927991851,40.518957980100005
1128.16,1130.13,30.0,0.0,0.0,0.0,0.0,30.0,-111.86946193200001,40.505817353400005,-111.97543690200001,40.5295980976
1128.16,1128.16,200.0,0.0,0.0,15.0,235.0,450.0,-111.86946193200001,40.505817353400005,-111.86946193200001,40.505817353400005
1128.16,1131.05,20.0,0.0,0.0,0.0,0.0,20.0,-111.86946193200001,40.505817353400005,-112.11799308799999,40.525950728000005
1128.16,1128.15,70.0,0.0,0.0,0.0,0.0,70.0,-111.86946193200001,40.505817353400005,-111.79691893299999,40.5295233107
1128.16,1128.22,60.0,0.0,0.0,0.0,0.0,60.0,-111.86946193200001,40.505817353400005,-111.88153857200001,40.5515553247
1128.16,1130.19,30.0,0.0,0.0,0.0,0.0,30.0,-111.86946193200001,40.505817353400005,-111.96976725200001,40.549554590999996
1128.16,1128.05,50.0,0.0,0.0,0.0,0.0,50.0,-111.86946193200001,40.505817353400005,-111.86136910399999,40.535781958499996
1128.16,1128.23,40.0,0.0,20.0,0.0,0.0,60.0,-111.86946193200001,40.505817353400005,-111.880345644,40.5350877531
1128.16,1152.09,110.0,0.0,0.0,0.0,0.0,110.0,-111.86946193200001,40.505817353400005,-112.03404403799999,40.5615932734
1128.16,1130.17,110.0,0.0,0.0,0.0,0.0,110.0,-111.86946193200001,40.505817353400005,-111.948248678,40.511392168899995
1128.16,1128.17,320.0,0.0,0.0,0.0,0.0,320.0,-111.86946193200001,40.505817353400005,-111.90526891399999,40.5305236091
1128.16,1128.18,0.0,0.0,0.0,0.0,0.0,0.0,-111.86946193200001,40.505817353400005,-111.901426578,40.4952724011
1128.16,1130.16,70.0,0.0,0.0,0.0,0.0,70.0,-111.86946193200001,40.505817353400005,-111.975449825,40.5114696296
1128.17,1128.04,320.0,0.0,0.0,0.0,0.0,320.0,-111.90526891399999,40.5305236091,-111.862777239,40.5515369657
1128.17,1130.2,550.0,0.0,0.0,120.0,0.0,670.0,-111.90526891399999,40.5305236091,-111.99405361,40.551548854699995
1128.17,1130.12,550.0,0.0,0.0,0.0,0.0,550.0,-111.90526891399999,40.5305236091,-111.920766871,40.5589868638
1128.17,1128.22,390.0,0.0,0.0,0.0,0.0,390.0,-111.90526891399999,40.5305236091,-111.88153857200001,40.5515553247
1128.17,1146.0,250.0,0.0,0.0,0.0,0.0,250.0,-111.90526891399999,40.5305236091,-111.927991851,40.518957980100005
1128.17,1131.07,1680.0,80.0,0.0,0.0,0.0,1760.0,-111.90526891399999,40.5305236091,-112.01956927100001,40.5162767243
1128.17,1128.16,320.0,0.0,0.0,0.0,0.0,320.0,-111.90526891399999,40.5305236091,-111.86946193200001,40.505817353400005
1128.17,1130.14,250.0,0.0,0.0,0.0,0.0,250.0,-111.90526891399999,40.5305236091,-111.94846811200001,40.5308388373
1128.17,1128.18,0.0,0.0,0.0,0.0,0.0,0.0,-111.90526891399999,40.5305236091,-111.901426578,40.4952724011
1128.17,1128.05,380.0,0.0,0.0,0.0,0.0,380.0,-111.90526891399999,40.5305236091,-111.86136910399999,40.535781958499996
1128.17,1130.19,318.0,10.0,0.0,0.0,0.0,328.0,-111.90526891399999,40.5305236091,-111.96976725200001,40.549554590999996
1128.17,1131.05,420.0,0.0,0.0,0.0,0.0,420.0,-111.90526891399999,40.5305236091,-112.11799308799999,40.525950728000005
1128.17,1128.23,450.0,0.0,0.0,0.0,0.0,450.0,-111.90526891399999,40.5305236091,-111.880345644,40.5350877531
1128.17,1152.09,300.0,0.0,0.0,0.0,0.0,300.0,-111.90526891399999,40.5305236091,-112.03404403799999,40.5615932734
1128.17,1128.21,550.0,0.0,0.0,0.0,0.0,550.0,-111.90526891399999,40.5305236091,-111.84131474799999,40.4979086579
1128.17,1128.15,350.0,0.0,0.0,0.0,0.0,350.0,-111.90526891399999,40.5305236091,-111.79691893299999,40.5295233107
1128.17,1128.1,390.0,0.0,0.0,0.0,0.0,390.0,-111.90526891399999,40.5305236091,-111.93998765399999,40.4779393131
1128.17,1128.2,420.0,0.0,0.0,0.0,0.0,420.0,-111.90526891399999,40.5305236091,-111.879865905,40.4794072388
1128.17,1130.16,170.0,0.0,0.0,0.0,0.0,170.0,-111.90526891399999,40.5305236091,-111.975449825,40.5114696296
1128.17,1128.19,520.0,0.0,0.0,0.0,0.0,520.0,-111.90526891399999,40.5305236091,-111.88006962600001,40.5140635727
1128.17,1130.17,260.0,0.0,0.0,0.0,0.0,260.0,-111.90526891399999,40.5305236091,-111.948248678,40.511392168899995
1128.17,1128.17,730.0,0.0,0.0,35.0,340.0,1105.0,-111.90526891399999,40.5305236091,-111.90526891399999,40.5305236091
1128.17,1151.06,310.0,0.0,0.0,0.0,0.0,310.0,-111.90526891399999,40.5305236091,-112.004628549,40.4599044577
1128.17,1130.13,200.0,0.0,0.0,0.0,0.0,200.0,-111.90526891399999,40.5305236091,-111.97543690200001,40.5295980976
1128.17,1130.11,420.0,0.0,0.0,0.0,0.0,420.0,-111.90526891399999,40.5305236091,-111.94344956,40.5508508861
1128.18,1128.17,0.0,0.0,0.0,0.0,0.0,0.0,-111.901426578,40.4952724011,-111.90526891399999,40.5305236091
1128.18,1130.12,0.0,0.0,10.0,0.0,0.0,10.0,-111.901426578,40.4952724011,-111.920766871,40.5589868638
1128.18,1130.19,0.0,0.0,0.0,0.0,0.0,0.0,-111.901426578,40.4952724011,-111.96976725200001,40.549554590999996
1128.18,1128.19,0.0,0.0,0.0,0.0,0.0,0.0,-111.901426578,40.4952724011,-111.88006962600001,40.5140635727
1128.18,1128.1,20.0,0.0,0.0,0.0,0.0,20.0,-111.901426578,40.4952724011,-111.93998765399999,40.4779393131
1128.18,1130.17,50.0,0.0,0.0,0.0,0.0,50.0,-111.901426578,40.4952724011,-111.948248678,40.511392168899995
1128.18,1146.0,0.0,0.0,0.0,0.0,0.0,0.0,-111.901426578,40.4952724011,-111.927991851,40.518957980100005
1128.18,1130.13,0.0,0.0,0.0,0.0,0.0,0.0,-111.901426578,40.4952724011,-111.97543690200001,40.5295980976
1128.18,1128.21,0.0,0.0,0.0,0.0,0.0,0.0,-111.901426578,40.4952724011,-111.84131474799999,40.4979086579
1128.18,1128.23,0.0,0.0,0.0,0.0,0.0,0.0,-111.901426578,40.4952724011,-111.880345644,40.5350877531
1128.18,1152.09,0.0,0.0,0.0,0.0,0.0,0.0,-111.901426578,40.4952724011,-112.03404403799999,40.5615932734
1128.18,1128.2,0.0,0.0,0.0,0.0,0.0,0.0,-111.901426578,40.4952724011,-111.879865905,40.4794072388
1128.18,1130.16,40.0,0.0,0.0,0.0,0.0,40.0,-111.901426578,40.4952724011,-111.975449825,40.5114696296
1128.18,1151.06,30.0,0.0,0.0,0.0,0.0,30.0,-111.901426578,40.4952724011,-112.004628549,40.4599044577
1128.18,1130.11,0.0,0.0,0.0,0.0,0.0,0.0,-111.901426578,40.4952724011,-111.94344956,40.5508508861
1128.18,1128.05,0.0,0.0,0.0,0.0,0.0,0.0,-111.901426578,40.4952724011,-111.86136910399999,40.535781958499996
1128.18,1131.07,0.0,0.0,0.0,0.0,0.0,0.0,-111.901426578,40.4952724011,-112.01956927100001,40.5162767243
1128.18,1128.22,20.0,0.0,0.0,0.0,0.0,20.0,-111.901426578,40.4952724011,-111.88153857200001,40.5515553247
1128.18,1128.15,0.0,0.0,0.0,0.0,0.0,0.0,-111.901426578,40.4952724011,-111.79691893299999,40.5295233107
1128.18,1128.04,20.0,0.0,0.0,0.0,0.0,20.0,-111.901426578,40.4952724011,-111.862777239,40.5515369657
1128.18,1130.2,130.0,0.0,0.0,0.0,0.0,130.0,-111.901426578,40.4952724011,-111.99405361,40.551548854699995
1128.18,1131.05,20.0,0.0,0.0,0.0,0.0,20.0,-111.901426578,40.4952724011,-112.11799308799999,40.525950728000005
1128.18,1128.18,0.0,0.0,0.0,0.0,0.0,0.0,-111.901426578,40.4952724011,-111.901426578,40.4952724011
1128.18,1128.16,0.0,0.0,0.0,0.0,0.0,0.0,-111.901426578,40.4952724011,-111.86946193200001,40.505817353400005
1128.18,1130.14,0.0,0.0,0.0,0.0,0.0,0.0,-111.901426578,40.4952724011,-111.94846811200001,40.5308388373
1128.19,1130.17,40.0,0.0,0.0,0.0,0.0,40.0,-111.88006962600001,40.5140635727,-111.948248678,40.511392168899995
1128.19,1128.2,120.0,0.0,0.0,15.0,0.0,135.0,-111.88006962600001,40.5140635727,-111.879865905,40.4794072388
1128.19,1128.17,520.0,0.0,0.0,0.0,0.0,520.0,-111.88006962600001,40.5140635727,-111.90526891399999,40.5305236091
1128.19,1131.07,550.0,0.0,0.0,0.0,0.0,550.0,-111.88006962600001,40.5140635727,-112.01956927100001,40.5162767243
1128.19,1128.16,200.0,0.0,0.0,0.0,0.0,200.0,-111.88006962600001,40.5140635727,-111.86946193200001,40.505817353400005
1128.19,1151.06,70.0,0.0,0.0,0.0,0.0,70.0,-111.88006962600001,40.5140635727,-112.004628549,40.4599044577
1128.19,1130.14,80.0,0.0,0.0,0.0,0.0,80.0,-111.88006962600001,40.5140635727,-111.94846811200001,40.5308388373
1128.19,1152.09,30.0,0.0,0.0,0.0,0.0,30.0,-111.88006962600001,40.5140635727,-112.03404403799999,40.5615932734
1128.19,1128.1,80.0,0.0,0.0,0.0,0.0,80.0,-111.88006962600001,40.5140635727,-111.93998765399999,40.4779393131
1128.19,1131.05,140.0,0.0,0.0,0.0,0.0,140.0,-111.88006962600001,40.5140635727,-112.11799308799999,40.525950728000005
1128.19,1128.22,28.0,0.0,0.0,0.0,0.0,28.0,-111.88006962600001,40.5140635727,-111.88153857200001,40.5515553247
1128.19,1130.12,20.0,0.0,0.0,0.0,0.0,20.0,-111.88006962600001,40.5140635727,-111.920766871,40.5589868638
1128.19,1130.2,110.0,0.0,0.0,0.0,0.0,110.0,-111.88006962600001,40.5140635727,-111.99405361,40.551548854699995
1128.19,1130.11,20.0,0.0,0.0,0.0,0.0,20.0,-111.88006962600001,40.5140635727,-111.94344956,40.5508508861
1128.19,1130.13,0.0,0.0,30.0,0.0,0.0,30.0,-111.88006962600001,40.5140635727,-111.97543690200001,40.5295980976
1128.19,1128.18,0.0,0.0,0.0,0.0,0.0,0.0,-111.88006962600001,40.5140635727,-111.901426578,40.4952724011
1128.19,1128.15,100.0,0.0,0.0,0.0,0.0,100.0,-111.88006962600001,40.5140635727,-111.79691893299999,40.5295233107
1128.19,1146.0,200.0,0.0,0.0,0.0,0.0,200.0,-111.88006962600001,40.5140635727,-111.927991851,40.518957980100005
1128.19,1130.19,0.0,0.0,0.0,0.0,0.0,0.0,-111.88006962600001,40.5140635727,-111.96976725200001,40.549554590999996
1128.19,1128.23,480.0,0.0,0.0,45.0,0.0,525.0,-111.88006962600001,40.5140635727,-111.880345644,40.5350877531
1128.19,1128.21,20.0,0.0,10.0,0.0,0.0,30.0,-111.88006962600001,40.5140635727,-111.84131474799999,40.4979086579
1128.19,1128.19,280.0,0.0,0.0,45.0,295.0,620.0,-111.88006962600001,40.5140635727,-111.88006962600001,40.5140635727
1128.19,1128.04,50.0,0.0,0.0,0.0,0.0,50.0,-111.88006962600001,40.5140635727,-111.862777239,40.5515369657
1128.19,1130.16,50.0,0.0,0.0,0.0,0.0,50.0,-111.88006962600001,40.5140635727,-111.975449825,40.5114696296
1128.19,1128.05,170.0,0.0,0.0,0.0,0.0,170.0,-111.88006962600001,40.5140635727,-111.86136910399999,40.535781958499996
1128.2,1130.13,40.0,0.0,0.0,0.0,0.0,40.0,-111.879865905,40.4794072388,-111.97543690200001,40.5295980976
1128.2,1128.19,120.0,0.0,0.0,15.0,0.0,135.0,-111.879865905,40.4794072388,-111.88006962600001,40.5140635727
1128.2,1130.12,100.0,0.0,0.0,0.0,0.0,100.0,-111.879865905,40.4794072388,-111.920766871,40.5589868638
1128.2,1152.09,40.0,0.0,0.0,0.0,0.0,40.0,-111.879865905,40.4794072388,-112.03404403799999,40.5615932734
1128.2,1131.05,0.0,0.0,0.0,0.0,0.0,0.0,-111.879865905,40.4794072388,-112.11799308799999,40.525950728000005
1128.2,1128.18,0.0,0.0,0.0,0.0,0.0,0.0,-111.879865905,40.4794072388,-111.901426578,40.4952724011
1128.2,1130.2,30.0,0.0,0.0,0.0,0.0,30.0,-111.879865905,40.4794072388,-111.99405361,40.551548854699995
1128.2,1128.23,130.0,0.0,0.0,0.0,0.0,130.0,-111.879865905,40.4794072388,-111.880345644,40.5350877531
1128.2,1128.16,230.0,0.0,0.0,0.0,0.0,230.0,-111.879865905,40.4794072388,-111.86946193200001,40.505817353400005
1128.2,1128.04,70.0,0.0,0.0,0.0,0.0,70.0,-111.879865905,40.4794072388,-111.862777239,40.5515369657
1128.2,1151.06,140.0,0.0,0.0,0.0,0.0,140.0,-111.879865905,40.4794072388,-112.004628549,40.4599044577
1128.2,1130.17,40.0,0.0,0.0,0.0,0.0,40.0,-111.879865905,40.4794072388,-111.948248678,40.511392168899995
1128.2,1128.22,40.0,0.0,0.0,0.0,0.0,40.0,-111.879865905,40.4794072388,-111.88153857200001,40.5515553247
1128.2,1128.2,210.0,0.0,0.0,60.0,585.0,855.0,-111.879865905,40.4794072388,-111.879865905,40.4794072388
1128.2,1128.17,420.0,0.0,0.0,0.0,25.0,445.0,-111.879865905,40.4794072388,-111.90526891399999,40.5305236091
1128.2,1130.16,100.0,0.0,0.0,0.0,0.0,100.0,-111.879865905,40.4794072388,-111.975449825,40.5114696296
1128.2,1146.0,30.0,0.0,0.0,0.0,0.0,30.0,-111.879865905,40.4794072388,-111.927991851,40.518957980100005
1128.2,1130.19,20.0,0.0,0.0,0.0,0.0,20.0,-111.879865905,40.4794072388,-111.96976725200001,40.549554590999996
1128.2,1130.14,0.0,0.0,0.0,0.0,0.0,0.0,-111.879865905,40.4794072388,-111.94846811200001,40.5308388373
1128.2,1128.1,0.0,0.0,0.0,0.0,0.0,0.0,-111.879865905,40.4794072388,-111.93998765399999,40.4779393131
1128.2,1130.11,0.0,0.0,0.0,0.0,0.0,0.0,-111.879865905,40.4794072388,-111.94344956,40.5508508861
1128.2,1128.15,0.0,0.0,0.0,0.0,0.0,0.0,-111.879865905,40.4794072388,-111.79691893299999,40.5295233107
1128.2,1131.07,100.0,0.0,0.0,0.0,0.0,100.0,-111.879865905,40.4794072388,-112.01956927100001,40.5162767243
1128.2,1128.05,30.0,0.0,0.0,0.0,0.0,30.0,-111.879865905,40.4794072388,-111.86136910399999,40.535781958499996
1128.2,1128.21,20.0,0.0,0.0,0.0,0.0,20.0,-111.879865905,40.4794072388,-111.84131474799999,40.4979086579
1128.21,1130.16,30.0,0.0,0.0,0.0,0.0,30.0,-111.84131474799999,40.4979086579,-111.975449825,40.5114696296
1128.21,1151.06,0.0,0.0,0.0,0.0,0.0,0.0,-111.84131474799999,40.4979086579,-112.004628549,40.4599044577
1128.21,1128.05,65.0,0.0,0.0,0.0,0.0,65.0,-111.84131474799999,40.4979086579,-111.86136910399999,40.535781958499996
1128.21,1152.09,60.0,0.0,0.0,0.0,0.0,60.0,-111.84131474799999,40.4979086579,-112.03404403799999,40.5615932734
1128.21,1128.23,90.0,0.0,0.0,0.0,0.0,90.0,-111.84131474799999,40.4979086579,-111.880345644,40.5350877531
1128.21,1128.2,20.0,0.0,0.0,0.0,0.0,20.0,-111.84131474799999,40.4979086579,-111.879865905,40.4794072388
1128.21,1128.22,40.0,0.0,0.0,0.0,0.0,40.0,-111.84131474799999,40.4979086579,-111.88153857200001,40.5515553247
1128.21,1128.21,146.0,0.0,0.0,10.0,440.0,596.0,-111.84131474799999,40.4979086579,-111.84131474799999,40.4979086579
1128.21,1131.07,20.0,0.0,0.0,0.0,0.0,20.0,-111.84131474799999,40.4979086579,-112.01956927100001,40.5162767243
1128.21,1130.11,0.0,0.0,0.0,0.0,0.0,0.0,-111.84131474799999,40.4979086579,-111.94344956,40.5508508861
1128.21,1128.1,20.0,0.0,0.0,0.0,0.0,20.0,-111.84131474799999,40.4979086579,-111.93998765399999,40.4779393131
1128.21,1130.12,0.0,0.0,0.0,0.0,0.0,0.0,-111.84131474799999,40.4979086579,-111.920766871,40.5589868638
1128.21,1128.19,20.0,0.0,10.0,0.0,0.0,30.0,-111.84131474799999,40.4979086579,-111.88006962600001,40.5140635727
1128.21,1128.17,550.0,0.0,0.0,0.0,0.0,550.0,-111.84131474799999,40.4979086579,-111.90526891399999,40.5305236091
1128.21,1146.0,0.0,0.0,0.0,0.0,0.0,0.0,-111.84131474799999,40.4979086579,-111.927991851,40.518957980100005
1128.21,1130.13,20.0,0.0,0.0,0.0,0.0,20.0,-111.84131474799999,40.4979086579,-111.97543690200001,40.5295980976
1128.21,1130.17,0.0,0.0,0.0,0.0,0.0,0.0,-111.84131474799999,40.4979086579,-111.948248678,40.511392168899995
1128.21,1130.14,0.0,0.0,0.0,0.0,0.0,0.0,-111.84131474799999,40.4979086579,-111.94846811200001,40.5308388373
1128.21,1130.19,0.0,0.0,0.0,0.0,0.0,0.0,-111.84131474799999,40.4979086579,-111.96976725200001,40.549554590999996
1128.21,1128.04,20.0,0.0,0.0,0.0,0.0,20.0,-111.84131474799999,40.4979086579,-111.862777239,40.5515369657
1128.21,1128.15,20.0,0.0,0.0,0.0,0.0,20.0,-111.84131474799999,40.4979086579,-111.79691893299999,40.5295233107
1128.21,1131.05,8.0,0.0,0.0,0.0,0.0,8.0,-111.84131474799999,40.4979086579,-112.11799308799999,40.525950728000005
1128.21,1128.16,20.0,0.0,20.0,0.0,0.0,40.0,-111.84131474799999,40.4979086579,-111.86946193200001,40.505817353400005
1128.21,1130.2,20.0,0.0,0.0,0.0,0.0,20.0,-111.84131474799999,40.4979086579,-111.99405361,40.551548854699995
1128.21,1128.18,0.0,0.0,0.0,0.0,0.0,0.0,-111.84131474799999,40.4979086579,-111.901426578,40.4952724011
1128.22,1146.0,50.0,0.0,0.0,0.0,0.0,50.0,-111.88153857200001,40.5515553247,-111.927991851,40.518957980100005
1128.22,1128.05,80.0,0.0,0.0,0.0,0.0,80.0,-111.88153857200001,40.5515553247,-111.86136910399999,40.535781958499996
1128.22,1128.1,30.0,0.0,0.0,0.0,0.0,30.0,-111.88153857200001,40.5515553247,-111.93998765399999,40.4779393131
1128.22,1128.17,390.0,0.0,0.0,0.0,0.0,390.0,-111.88153857200001,40.5515553247,-111.90526891399999,40.5305236091
1128.22,1128.18,20.0,0.0,0.0,0.0,0.0,20.0,-111.88153857200001,40.5515553247,-111.901426578,40.4952724011
1128.22,1128.16,60.0,0.0,0.0,0.0,0.0,60.0,-111.88153857200001,40.5515553247,-111.86946193200001,40.505817353400005
1128.22,1128.15,40.0,0.0,0.0,0.0,0.0,40.0,-111.88153857200001,40.5515553247,-111.79691893299999,40.5295233107
1128.22,1128.04,80.0,20.0,0.0,0.0,0.0,100.0,-111.88153857200001,40.5515553247,-111.862777239,40.5515369657
1128.22,1131.05,0.0,0.0,0.0,0.0,0.0,0.0,-111.88153857200001,40.5515553247,-112.11799308799999,40.525950728000005
1128.22,1128.21,40.0,0.0,0.0,0.0,0.0,40.0,-111.88153857200001,40.5515553247,-111.84131474799999,40.4979086579
1128.22,1130.12,20.0,0.0,0.0,0.0,0.0,20.0,-111.88153857200001,40.5515553247,-111.920766871,40.5589868638
1128.22,1152.09,8.0,0.0,0.0,0.0,0.0,8.0,-111.88153857200001,40.5515553247,-112.03404403799999,40.5615932734
1128.22,1131.07,0.0,0.0,0.0,0.0,0.0,0.0,-111.88153857200001,40.5515553247,-112.01956927100001,40.5162767243
1128.22,1130.11,0.0,0.0,0.0,0.0,0.0,0.0,-111.88153857200001,40.5515553247,-111.94344956,40.5508508861
1128.22,1128.22,130.0,0.0,0.0,0.0,75.0,205.0,-111.88153857200001,40.5515553247,-111.88153857200001,40.5515553247
1128.22,1128.2,40.0,0.0,0.0,0.0,0.0,40.0,-111.88153857200001,40.5515553247,-111.879865905,40.4794072388
1128.22,1130.13,0.0,0.0,0.0,0.0,0.0,0.0,-111.88153857200001,40.5515553247,-111.97543690200001,40.5295980976
1128.22,1128.19,28.0,0.0,0.0,0.0,0.0,28.0,-111.88153857200001,40.5515553247,-111.88006962600001,40.5140635727
1128.22,1128.23,118.0,0.0,0.0,0.0,0.0,118.0,-111.88153857200001,40.5515553247,-111.880345644,40.5350877531
1128.22,1130.19,20.0,0.0,0.0,0.0,0.0,20.0,-111.88153857200001,40.5515553247,-111.96976725200001,40.549554590999996
1128.22,1130.17,20.0,0.0,0.0,0.0,0.0,20.0,-111.88153857200001,40.5515553247,-111.948248678,40.511392168899995
1128.22,1151.06,0.0,0.0,0.0,0.0,0.0,0.0,-111.88153857200001,40.5515553247,-112.004628549,40.4599044577
1128.22,1130.16,8.0,10.0,0.0,0.0,0.0,18.0,-111.88153857200001,40.5515553247,-111.975449825,40.5114696296
1128.22,1130.14,40.0,0.0,0.0,0.0,0.0,40.0,-111.88153857200001,40.5515553247,-111.94846811200001,40.5308388373
1128.22,1130.2,0.0,0.0,0.0,0.0,0.0,0.0,-111.88153857200001,40.5515553247,-111.99405361,40.551548854699995
1128.23,1128.16,40.0,0.0,20.0,0.0,0.0,60.0,-111.880345644,40.5350877531,-111.86946193200001,40.505817353400005
1128.23,1128.04,100.0,0.0,0.0,0.0,0.0,100.0,-111.880345644,40.5350877531,-111.862777239,40.5515369657
1128.23,1130.12,130.0,0.0,0.0,0.0,0.0,130.0,-111.880345644,40.5350877531,-111.920766871,40.5589868638
1128.23,1130.2,40.0,0.0,0.0,0.0,0.0,40.0,-111.880345644,40.5350877531,-111.99405361,40.551548854699995
1128.23,1130.11,0.0,0.0,0.0,0.0,0.0,0.0,-111.880345644,40.5350877531,-111.94344956,40.5508508861
1128.23,1128.05,60.0,0.0,0.0,0.0,0.0,60.0,-111.880345644,40.5350877531,-111.86136910399999,40.535781958499996
1128.23,1128.21,90.0,0.0,0.0,0.0,0.0,90.0,-111.880345644,40.5350877531,-111.84131474799999,40.4979086579
1128.23,1151.06,40.0,0.0,0.0,0.0,0.0,40.0,-111.880345644,40.5350877531,-112.004628549,40.4599044577
1128.23,1128.19,480.0,0.0,0.0,45.0,0.0,525.0,-111.880345644,40.5350877531,-111.88006962600001,40.5140635727
1128.23,1128.17,450.0,0.0,0.0,0.0,0.0,450.0,-111.880345644,40.5350877531,-111.90526891399999,40.5305236091
1128.23,1128.18,0.0,0.0,0.0,0.0,0.0,0.0,-111.880345644,40.5350877531,-111.901426578,40.4952724011
1128.23,1130.16,100.0,0.0,0.0,0.0,0.0,100.0,-111.880345644,40.5350877531,-111.975449825,40.5114696296
1128.23,1130.17,30.0,0.0,0.0,0.0,0.0,30.0,-111.880345644,40.5350877531,-111.948248678,40.511392168899995
1128.23,1131.05,60.0,0.0,0.0,0.0,0.0,60.0,-111.880345644,40.5350877531,-112.11799308799999,40.525950728000005
1128.23,1128.22,118.0,0.0,0.0,0.0,0.0,118.0,-111.880345644,40.5350877531,-111.88153857200001,40.5515553247
1128.23,1130.19,8.0,0.0,0.0,0.0,0.0,8.0,-111.880345644,40.5350877531,-111.96976725200001,40.549554590999996
1128.23,1152.09,30.0,0.0,0.0,20.0,0.0,50.0,-111.880345644,40.5350877531,-112.03404403799999,40.5615932734
1128.23,1128.23,220.0,0.0,0.0,30.0,240.0,490.0,-111.880345644,40.5350877531,-111.880345644,40.5350877531
1128.23,1131.07,150.0,0.0,0.0,0.0,0.0,150.0,-111.880345644,40.5350877531,-112.01956927100001,40.5162767243
1128.23,1128.15,130.0,0.0,0.0,0.0,0.0,130.0,-111.880345644,40.5350877531,-111.79691893299999,40.5295233107
1128.23,1128.2,130.0,0.0,0.0,0.0,0.0,130.0,-111.880345644,40.5350877531,-111.879865905,40.4794072388
1128.23,1130.14,60.0,0.0,0.0,0.0,0.0,60.0,-111.880345644,40.5350877531,-111.94846811200001,40.5308388373
1128.23,1146.0,0.0,0.0,0.0,0.0,0.0,0.0,-111.880345644,40.5350877531,-111.927991851,40.518957980100005
1128.23,1128.1,120.0,0.0,0.0,0.0,0.0,120.0,-111.880345644,40.5350877531,-111.93998765399999,40.4779393131
1128.23,1130.13,30.0,0.0,0.0,0.0,0.0,30.0,-111.880345644,40.5350877531,-111.97543690200001,40.5295980976
1130.11,1128.16,140.0,0.0,0.0,0.0,0.0,140.0,-111.94344956,40.5508508861,-111.86946193200001,40.505817353400005
1130.11,1128.1,70.0,0.0,0.0,0.0,0.0,70.0,-111.94344956,40.5508508861,-111.93998765399999,40.4779393131
1130.11,1128.22,0.0,0.0,0.0,0.0,0.0,0.0,-111.94344956,40.5508508861,-111.88153857200001,40.5515553247
1130.11,1131.05,90.0,0.0,0.0,0.0,0.0,90.0,-111.94344956,40.5508508861,-112.11799308799999,40.525950728000005
1130.11,1130.2,140.0,0.0,0.0,0.0,0.0,140.0,-111.94344956,40.5508508861,-111.99405361,40.551548854699995
1130.11,1146.0,0.0,0.0,0.0,0.0,0.0,0.0,-111.94344956,40.5508508861,-111.927991851,40.518957980100005
1130.11,1128.04,50.0,0.0,0.0,0.0,0.0,50.0,-111.94344956,40.5508508861,-111.862777239,40.5515369657
1130.11,1128.19,20.0,0.0,0.0,0.0,0.0,20.0,-111.94344956,40.5508508861,-111.88006962600001,40.5140635727
1130.11,1130.12,190.0,0.0,0.0,0.0,0.0,190.0,-111.94344956,40.5508508861,-111.920766871,40.5589868638
1130.11,1130.11,190.0,0.0,0.0,0.0,220.0,410.0,-111.94344956,40.5508508861,-111.94344956,40.5508508861
1130.11,1130.14,100.0,0.0,0.0,0.0,0.0,100.0,-111.94344956,40.5508508861,-111.94846811200001,40.5308388373
1130.11,1130.13,80.0,0.0,0.0,0.0,0.0,80.0,-111.94344956,40.5508508861,-111.97543690200001,40.5295980976
1130.11,1130.16,60.0,0.0,0.0,0.0,0.0,60.0,-111.94344956,40.5508508861,-111.975449825,40.5114696296
1130.11,1128.2,0.0,0.0,0.0,0.0,0.0,0.0,-111.94344956,40.5508508861,-111.879865905,40.4794072388
1130.11,1131.07,0.0,0.0,0.0,0.0,0.0,0.0,-111.94344956,40.5508508861,-112.01956927100001,40.5162767243
1130.11,1128.15,0.0,0.0,0.0,0.0,0.0,0.0,-111.94344956,40.5508508861,-111.79691893299999,40.5295233107
1130.11,1128.21,0.0,0.0,0.0,0.0,0.0,0.0,-111.94344956,40.5508508861,-111.84131474799999,40.4979086579
1130.11,1151.06,70.0,0.0,0.0,0.0,0.0,70.0,-111.94344956,40.5508508861,-112.004628549,40.4599044577
1130.11,1152.09,40.0,0.0,0.0,0.0,0.0,40.0,-111.94344956,40.5508508861,-112.03404403799999,40.5615932734
1130.11,1130.19,70.0,0.0,0.0,0.0,0.0,70.0,-111.94344956,40.5508508861,-111.96976725200001,40.549554590999996
1130.11,1128.18,0.0,0.0,0.0,0.0,0.0,0.0,-111.94344956,40.5508508861,-111.901426578,40.4952724011
1130.11,1130.17,60.0,0.0,0.0,0.0,0.0,60.0,-111.94344956,40.5508508861,-111.948248678,40.511392168899995
1130.11,1128.17,420.0,0.0,0.0,0.0,0.0,420.0,-111.94344956,40.5508508861,-111.90526891399999,40.5305236091
1130.11,1128.23,0.0,0.0,0.0,0.0,0.0,0.0,-111.94344956,40.5508508861,-111.880345644,40.5350877531
1130.11,1128.05,0.0,0.0,0.0,0.0,0.0,0.0,-111.94344956,40.5508508861,-111.86136910399999,40.535781958499996
1130.12,1128.22,20.0,0.0,0.0,0.0,0.0,20.0,-111.920766871,40.5589868638,-111.88153857200001,40.5515553247
1130.12,1128.23,130.0,0.0,0.0,0.0,0.0,130.0,-111.920766871,40.5589868638,-111.880345644,40.5350877531
1130.12,1128.19,20.0,0.0,0.0,0.0,0.0,20.0,-111.920766871,40.5589868638,-111.88006962600001,40.5140635727
1130.12,1128.21,0.0,0.0,0.0,0.0,0.0,0.0,-111.920766871,40.5589868638,-111.84131474799999,40.4979086579
1130.12,1128.18,0.0,0.0,10.0,0.0,0.0,10.0,-111.920766871,40.5589868638,-111.901426578,40.4952724011
1130.12,1128.17,550.0,0.0,0.0,0.0,0.0,550.0,-111.920766871,40.5589868638,-111.90526891399999,40.5305236091
1130.12,1146.0,50.0,0.0,0.0,0.0,0.0,50.0,-111.920766871,40.5589868638,-111.927991851,40.518957980100005
1130.12,1128.15,110.0,0.0,0.0,0.0,0.0,110.0,-111.920766871,40.5589868638,-111.79691893299999,40.5295233107
1130.12,1130.19,200.0,0.0,0.0,0.0,0.0,200.0,-111.920766871,40.5589868638,-111.96976725200001,40.549554590999996
1130.12,1130.13,0.0,0.0,0.0,0.0,0.0,0.0,-111.920766871,40.5589868638,-111.97543690200001,40.5295980976
1130.12,1131.07,500.0,0.0,0.0,0.0,0.0,500.0,-111.920766871,40.5589868638,-112.01956927100001,40.5162767243
1130.12,1128.04,0.0,0.0,0.0,0.0,0.0,0.0,-111.920766871,40.5589868638,-111.862777239,40.5515369657
1130.12,1130.12,150.0,0.0,0.0,0.0,135.0,285.0,-111.920766871,40.5589868638,-111.920766871,40.5589868638
1130.12,1130.14,50.0,0.0,0.0,0.0,0.0,50.0,-111.920766871,40.5589868638,-111.94846811200001,40.5308388373
1130.12,1151.06,98.0,0.0,0.0,0.0,0.0,98.0,-111.920766871,40.5589868638,-112.004628549,40.4599044577
1130.12,1128.16,50.0,0.0,0.0,0.0,0.0,50.0,-111.920766871,40.5589868638,-111.86946193200001,40.505817353400005
1130.12,1128.1,50.0,0.0,0.0,0.0,0.0,50.0,-111.920766871,40.5589868638,-111.93998765399999,40.4779393131
1130.12,1130.2,440.0,0.0,0.0,0.0,0.0,440.0,-111.920766871,40.5589868638,-111.99405361,40.551548854699995
1130.12,1130.11,190.0,0.0,0.0,0.0,0.0,190.0,-111.920766871,40.5589868638,-111.94344956,40.5508508861
1130.12,1152.09,150.0,0.0,0.0,0.0,0.0,150.0,-111.920766871,40.5589868638,-112.03404403799999,40.5615932734
1130.12,1130.16,160.0,0.0,0.0,0.0,0.0,160.0,-111.920766871,40.5589868638,-111.975449825,40.5114696296
1130.12,1130.17,0.0,0.0,0.0,0.0,0.0,0.0,-111.920766871,40.5589868638,-111.948248678,40.511392168899995
1130.12,1128.2,100.0,0.0,0.0,0.0,0.0,100.0,-111.920766871,40.5589868638,-111.879865905,40.4794072388
1130.12,1131.05,8.0,0.0,10.0,0.0,0.0,18.0,-111.920766871,40.5589868638,-112.11799308799999,40.525950728000005
1130.12,1128.05,0.0,0.0,0.0,0.0,0.0,0.0,-111.920766871,40.5589868638,-111.86136910399999,40.535781958499996
1130.13,1130.13,110.0,0.0,0.0,10.0,195.0,315.0,-111.97543690200001,40.5295980976,-111.97543690200001,40.5295980976
1130.13,1130.19,60.0,0.0,0.0,10.0,0.0,70.0,-111.97543690200001,40.5295980976,-111.96976725200001,40.549554590999996
1130.13,1128.17,200.0,0.0,0.0,0.0,0.0,200.0,-111.97543690200001,40.5295980976,-111.90526891399999,40.5305236091
1130.13,1146.0,60.0,0.0,0.0,0.0,0.0,60.0,-111.97543690200001,40.5295980976,-111.927991851,40.518957980100005
1130.13,1128.15,0.0,0.0,0.0,0.0,0.0,0.0,-111.97543690200001,40.5295980976,-111.79691893299999,40.5295233107
1130.13,1128.05,50.0,0.0,0.0,0.0,0.0,50.0,-111.97543690200001,40.5295980976,-111.86136910399999,40.535781958499996
1130.13,1128.23,30.0,0.0,0.0,0.0,0.0,30.0,-111.97543690200001,40.5295980976,-111.880345644,40.5350877531
1130.13,1130.17,30.0,0.0,0.0,0.0,0.0,30.0,-111.97543690200001,40.5295980976,-111.948248678,40.511392168899995
1130.13,1128.18,0.0,0.0,0.0,0.0,0.0,0.0,-111.97543690200001,40.5295980976,-111.901426578,40.4952724011
1130.13,1131.05,20.0,0.0,0.0,0.0,0.0,20.0,-111.97543690200001,40.5295980976,-112.11799308799999,40.525950728000005
1130.13,1128.04,20.0,0.0,0.0,0.0,0.0,20.0,-111.97543690200001,40.5295980976,-111.862777239,40.5515369657
1130.13,1130.11,80.0,0.0,0.0,0.0,0.0,80.0,-111.97543690200001,40.5295980976,-111.94344956,40.5508508861
1130.13,1128.19,0.0,0.0,30.0,0.0,0.0,30.0,-111.97543690200001,40.5295980976,-111.88006962600001,40.5140635727
1130.13,1130.16,200.0,0.0,0.0,0.0,0.0,200.0,-111.97543690200001,40.5295980976,-111.975449825,40.5114696296
1130.13,1128.21,20.0,0.0,0.0,0.0,0.0,20.0,-111.97543690200001,40.5295980976,-111.84131474799999,40.4979086579
1130.13,1130.2,70.0,0.0,0.0,0.0,0.0,70.0,-111.97543690200001,40.5295980976,-111.99405361,40.551548854699995
1130.13,1152.09,60.0,0.0,0.0,0.0,0.0,60.0,-111.97543690200001,40.5295980976,-112.03404403799999,40.5615932734
1130.13,1128.22,0.0,0.0,0.0,0.0,0.0,0.0,-111.97543690200001,40.5295980976,-111.88153857200001,40.5515553247
1130.13,1131.07,190.0,0.0,0.0,0.0,0.0,190.0,-111.97543690200001,40.5295980976,-112.01956927100001,40.5162767243
1130.13,1130.14,20.0,0.0,0.0,0.0,0.0,20.0,-111.97543690200001,40.5295980976,-111.94846811200001,40.5308388373
1130.13,1130.12,0.0,0.0,0.0,0.0,0.0,0.0,-111.97543690200001,40.5295980976,-111.920766871,40.5589868638
1130.13,1128.16,30.0,0.0,0.0,0.0,0.0,30.0,-111.97543690200001,40.5295980976,-111.86946193200001,40.505817353400005
1130.13,1151.06,120.0,0.0,0.0,0.0,0.0,120.0,-111.97543690200001,40.5295980976,-112.004628549,40.4599044577
1130.13,1128.1,60.0,0.0,0.0,0.0,0.0,60.0,-111.97543690200001,40.5295980976,-111.93998765399999,40.4779393131
1130.13,1128.2,40.0,0.0,0.0,0.0,0.0,40.0,-111.97543690200001,40.5295980976,-111.879865905,40.4794072388
1130.14,1131.05,60.0,0.0,0.0,0.0,0.0,60.0,-111.94846811200001,40.5308388373,-112.11799308799999,40.525950728000005
1130.14,1130.19,40.0,0.0,0.0,0.0,0.0,40.0,-111.94846811200001,40.5308388373,-111.96976725200001,40.549554590999996
1130.14,1130.2,20.0,0.0,0.0,0.0,0.0,20.0,-111.94846811200001,40.5308388373,-111.99405361,40.551548854699995
1130.14,1128.2,0.0,0.0,0.0,0.0,0.0,0.0,-111.94846811200001,40.5308388373,-111.879865905,40.4794072388
1130.14,1130.11,100.0,0.0,0.0,0.0,0.0,100.0,-111.94846811200001,40.5308388373,-111.94344956,40.5508508861
1130.14,1128.15,50.0,0.0,0.0,0.0,0.0,50.0,-111.94846811200001,40.5308388373,-111.79691893299999,40.5295233107
1130.14,1128.04,0.0,0.0,0.0,0.0,0.0,0.0,-111.94846811200001,40.5308388373,-111.862777239,40.5515369657
1130.14,1130.14,110.0,0.0,0.0,10.0,70.0,190.0,-111.94846811200001,40.5308388373,-111.94846811200001,40.5308388373
1130.14,1128.19,80.0,0.0,0.0,0.0,0.0,80.0,-111.94846811200001,40.5308388373,-111.88006962600001,40.5140635727
1130.14,1130.12,50.0,0.0,0.0,0.0,0.0,50.0,-111.94846811200001,40.5308388373,-111.920766871,40.5589868638
1130.14,1152.09,90.0,0.0,0.0,0.0,0.0,90.0,-111.94846811200001,40.5308388373,-112.03404403799999,40.5615932734
1130.14,1128.17,250.0,0.0,0.0,0.0,0.0,250.0,-111.94846811200001,40.5308388373,-111.90526891399999,40.5305236091
1130.14,1128.21,0.0,0.0,0.0,0.0,0.0,0.0,-111.94846811200001,40.5308388373,-111.84131474799999,40.4979086579
1130.14,1128.18,0.0,0.0,0.0,0.0,0.0,0.0,-111.94846811200001,40.5308388373,-111.901426578,40.4952724011
1130.14,1128.16,60.0,0.0,0.0,0.0,0.0,60.0,-111.94846811200001,40.5308388373,-111.86946193200001,40.505817353400005
1130.14,1128.23,60.0,0.0,0.0,0.0,0.0,60.0,-111.94846811200001,40.5308388373,-111.880345644,40.5350877531
1130.14,1131.07,90.0,0.0,0.0,0.0,0.0,90.0,-111.94846811200001,40.5308388373,-112.01956927100001,40.5162767243
1130.14,1130.13,20.0,0.0,0.0,0.0,0.0,20.0,-111.94846811200001,40.5308388373,-111.97543690200001,40.5295980976
1130.14,1130.17,130.0,0.0,15.0,0.0,0.0,145.0,-111.94846811200001,40.5308388373,-111.948248678,40.511392168899995
1130.14,1146.0,70.0,0.0,0.0,0.0,0.0,70.0,-111.94846811200001,40.5308388373,-111.927991851,40.518957980100005
1130.14,1151.06,0.0,0.0,0.0,0.0,0.0,0.0,-111.94846811200001,40.5308388373,-112.004628549,40.4599044577
1130.14,1128.1,170.0,0.0,0.0,0.0,0.0,170.0,-111.94846811200001,40.5308388373,-111.93998765399999,40.4779393131
1130.14,1130.16,30.0,0.0,0.0,0.0,0.0,30.0,-111.94846811200001,40.5308388373,-111.975449825,40.5114696296
1130.14,1128.22,40.0,0.0,0.0,0.0,0.0,40.0,-111.94846811200001,40.5308388373,-111.88153857200001,40.5515553247
1130.14,1128.05,40.0,0.0,0.0,0.0,0.0,40.0,-111.94846811200001,40.5308388373,-111.86136910399999,40.535781958499996
1130.16,1131.07,380.0,0.0,0.0,0.0,0.0,380.0,-111.975449825,40.5114696296,-112.01956927100001,40.5162767243
1130.16,1130.16,240.0,0.0,20.0,50.0,280.0,590.0,-111.975449825,40.5114696296,-111.975449825,40.5114696296
1130.16,1130.17,230.0,0.0,0.0,0.0,0.0,230.0,-111.975449825,40.5114696296,-111.948248678,40.511392168899995
1130.16,1130.12,160.0,0.0,0.0,0.0,0.0,160.0,-111.975449825,40.5114696296,-111.920766871,40.5589868638
1130.16,1130.11,60.0,0.0,0.0,0.0,0.0,60.0,-111.975449825,40.5114696296,-111.94344956,40.5508508861
1130.16,1128.05,40.0,0.0,0.0,0.0,0.0,40.0,-111.975449825,40.5114696296,-111.86136910399999,40.535781958499996
1130.16,1128.23,100.0,0.0,0.0,0.0,0.0,100.0,-111.975449825,40.5114696296,-111.880345644,40.5350877531
1130.16,1128.22,8.0,10.0,0.0,0.0,0.0,18.0,-111.975449825,40.5114696296,-111.88153857200001,40.5515553247
1130.16,1128.15,8.0,0.0,0.0,0.0,0.0,8.0,-111.975449825,40.5114696296,-111.79691893299999,40.5295233107
1130.16,1130.2,400.0,0.0,0.0,0.0,0.0,400.0,-111.975449825,40.5114696296,-111.99405361,40.551548854699995
1130.16,1128.21,30.0,0.0,0.0,0.0,0.0,30.0,-111.975449825,40.5114696296,-111.84131474799999,40.4979086579
1130.16,1151.06,130.0,0.0,0.0,0.0,0.0,130.0,-111.975449825,40.5114696296,-112.004628549,40.4599044577
1130.16,1131.05,210.0,0.0,0.0,0.0,0.0,210.0,-111.975449825,40.5114696296,-112.11799308799999,40.525950728000005
1130.16,1128.16,70.0,0.0,0.0,0.0,0.0,70.0,-111.975449825,40.5114696296,-111.86946193200001,40.505817353400005
1130.16,1128.19,50.0,0.0,0.0,0.0,0.0,50.0,-111.975449825,40.5114696296,-111.88006962600001,40.5140635727
1130.16,1128.17,170.0,0.0,0.0,0.0,0.0,170.0,-111.975449825,40.5114696296,-111.90526891399999,40.5305236091
1130.16,1128.18,40.0,0.0,0.0,0.0,0.0,40.0,-111.975449825,40.5114696296,-111.901426578,40.4952724011
1130.16,1152.09,120.0,0.0,0.0,0.0,0.0,120.0,-111.975449825,40.5114696296,-112.03404403799999,40.5615932734
1130.16,1130.14,30.0,0.0,0.0,0.0,0.0,30.0,-111.975449825,40.5114696296,-111.94846811200001,40.5308388373
1130.16,1130.13,200.0,0.0,0.0,0.0,0.0,200.0,-111.975449825,40.5114696296,-111.97543690200001,40.5295980976
1130.16,1146.0,140.0,0.0,0.0,0.0,0.0,140.0,-111.975449825,40.5114696296,-111.927991851,40.518957980100005
1130.16,1128.04,0.0,0.0,0.0,0.0,0.0,0.0,-111.975449825,40.5114696296,-111.862777239,40.5515369657
1130.16,1128.1,100.0,0.0,0.0,0.0,0.0,100.0,-111.975449825,40.5114696296,-111.93998765399999,40.4779393131
1130.16,1128.2,100.0,0.0,0.0,0.0,0.0,100.0,-111.975449825,40.5114696296,-111.879865905,40.4794072388
1130.16,1130.19,60.0,0.0,0.0,0.0,0.0,60.0,-111.975449825,40.5114696296,-111.96976725200001,40.549554590999996
1130.17,1128.16,110.0,0.0,0.0,0.0,0.0,110.0,-111.948248678,40.511392168899995,-111.86946193200001,40.505817353400005
1130.17,1151.06,40.0,0.0,0.0,0.0,0.0,40.0,-111.948248678,40.511392168899995,-112.004628549,40.4599044577
1130.17,1128.21,0.0,0.0,0.0,0.0,0.0,0.0,-111.948248678,40.511392168899995,-111.84131474799999,40.4979086579
1130.17,1128.18,50.0,0.0,0.0,0.0,0.0,50.0,-111.948248678,40.511392168899995,-111.901426578,40.4952724011
1130.17,1130.2,0.0,0.0,0.0,0.0,0.0,0.0,-111.948248678,40.511392168899995,-111.99405361,40.551548854699995
1130.17,1130.14,130.0,0.0,15.0,0.0,0.0,145.0,-111.948248678,40.511392168899995,-111.94846811200001,40.5308388373
1130.17,1128.1,90.0,0.0,0.0,0.0,0.0,90.0,-111.948248678,40.511392168899995,-111.93998765399999,40.4779393131
1130.17,1130.13,30.0,0.0,0.0,0.0,0.0,30.0,-111.948248678,40.511392168899995,-111.97543690200001,40.5295980976
1130.17,1128.23,30.0,0.0,0.0,0.0,0.0,30.0,-111.948248678,40.511392168899995,-111.880345644,40.5350877531
1130.17,1131.05,20.0,0.0,0.0,0.0,0.0,20.0,-111.948248678,40.511392168899995,-112.11799308799999,40.525950728000005
1130.17,1130.17,260.0,0.0,0.0,10.0,195.0,465.0,-111.948248678,40.511392168899995,-111.948248678,40.511392168899995
1130.17,1128.17,260.0,0.0,0.0,0.0,0.0,260.0,-111.948248678,40.511392168899995,-111.90526891399999,40.5305236091
1130.17,1128.05,30.0,0.0,0.0,0.0,0.0,30.0,-111.948248678,40.511392168899995,-111.86136910399999,40.535781958499996
1130.17,1128.2,40.0,0.0,0.0,0.0,0.0,40.0,-111.948248678,40.511392168899995,-111.879865905,40.4794072388
1130.17,1146.0,60.0,0.0,0.0,15.0,0.0,75.0,-111.948248678,40.511392168899995,-111.927991851,40.518957980100005
1130.17,1130.16,230.0,0.0,0.0,0.0,0.0,230.0,-111.948248678,40.511392168899995,-111.975449825,40.5114696296
1130.17,1128.22,20.0,0.0,0.0,0.0,0.0,20.0,-111.948248678,40.511392168899995,-111.88153857200001,40.5515553247
1130.17,1128.15,0.0,0.0,0.0,0.0,0.0,0.0,-111.948248678,40.511392168899995,-111.79691893299999,40.5295233107
1130.17,1152.09,70.0,0.0,0.0,0.0,0.0,70.0,-111.948248678,40.511392168899995,-112.03404403799999,40.5615932734
1130.17,1130.19,70.0,0.0,0.0,0.0,0.0,70.0,-111.948248678,40.511392168899995,-111.96976725200001,40.549554590999996
1130.17,1128.04,0.0,0.0,0.0,0.0,0.0,0.0,-111.948248678,40.511392168899995,-111.862777239,40.5515369657
1130.17,1130.12,0.0,0.0,0.0,0.0,0.0,0.0,-111.948248678,40.511392168899995,-111.920766871,40.5589868638
1130.17,1128.19,40.0,0.0,0.0,0.0,0.0,40.0,-111.948248678,40.511392168899995,-111.88006962600001,40.5140635727
1130.17,1131.07,60.0,0.0,0.0,0.0,0.0,60.0,-111.948248678,40.511392168899995,-112.01956927100001,40.5162767243
1130.17,1130.11,60.0,0.0,0.0,0.0,0.0,60.0,-111.948248678,40.511392168899995,-111.94344956,40.5508508861
1130.19,1128.05,20.0,0.0,0.0,0.0,0.0,20.0,-111.96976725200001,40.549554590999996,-111.86136910399999,40.535781958499996
1130.19,1130.11,70.0,0.0,0.0,0.0,0.0,70.0,-111.96976725200001,40.549554590999996,-111.94344956,40.5508508861
1130.19,1130.19,80.0,0.0,0.0,20.0,295.0,395.0,-111.96976725200001,40.549554590999996,-111.96976725200001,40.549554590999996
1130.19,1128.16,30.0,0.0,0.0,0.0,0.0,30.0,-111.96976725200001,40.549554590999996,-111.86946193200001,40.505817353400005
1130.19,1128.22,20.0,0.0,0.0,0.0,0.0,20.0,-111.96976725200001,40.549554590999996,-111.88153857200001,40.5515553247
1130.19,1130.16,60.0,0.0,0.0,0.0,0.0,60.0,-111.96976725200001,40.549554590999996,-111.975449825,40.5114696296
1130.19,1128.23,8.0,0.0,0.0,0.0,0.0,8.0,-111.96976725200001,40.549554590999996,-111.880345644,40.5350877531
1130.19,1128.04,40.0,0.0,0.0,0.0,0.0,40.0,-111.96976725200001,40.549554590999996,-111.862777239,40.5515369657
1130.19,1130.13,60.0,0.0,0.0,10.0,0.0,70.0,-111.96976725200001,40.549554590999996,-111.97543690200001,40.5295980976
1130.19,1131.05,50.0,0.0,0.0,0.0,0.0,50.0,-111.96976725200001,40.549554590999996,-112.11799308799999,40.525950728000005
1130.19,1128.2,20.0,0.0,0.0,0.0,0.0,20.0,-111.96976725200001,40.549554590999996,-111.879865905,40.4794072388
1130.19,1128.15,20.0,0.0,0.0,0.0,0.0,20.0,-111.96976725200001,40.549554590999996,-111.79691893299999,40.5295233107
1130.19,1152.09,90.0,0.0,0.0,0.0,0.0,90.0,-111.96976725200001,40.549554590999996,-112.03404403799999,40.5615932734
1130.19,1128.21,0.0,0.0,0.0,0.0,0.0,0.0,-111.96976725200001,40.549554590999996,-111.84131474799999,40.4979086579
1130.19,1128.18,0.0,0.0,0.0,0.0,0.0,0.0,-111.96976725200001,40.549554590999996,-111.901426578,40.4952724011
1130.19,1130.14,40.0,0.0,0.0,0.0,0.0,40.0,-111.96976725200001,40.549554590999996,-111.94846811200001,40.5308388373
1130.19,1131.07,270.0,0.0,0.0,0.0,0.0,270.0,-111.96976725200001,40.549554590999996,-112.01956927100001,40.5162767243
1130.19,1130.2,140.0,0.0,25.0,0.0,0.0,165.0,-111.96976725200001,40.549554590999996,-111.99405361,40.551548854699995
1130.19,1128.1,90.0,0.0,0.0,0.0,0.0,90.0,-111.96976725200001,40.549554590999996,-111.93998765399999,40.4779393131
1130.19,1151.06,110.0,0.0,0.0,0.0,0.0,110.0,-111.96976725200001,40.549554590999996,-112.004628549,40.4599044577
1130.19,1146.0,0.0,0.0,0.0,0.0,0.0,0.0,-111.96976725200001,40.549554590999996,-111.927991851,40.518957980100005
1130.19,1130.12,200.0,0.0,0.0,0.0,0.0,200.0,-111.96976725200001,40.549554590999996,-111.920766871,40.5589868638
1130.19,1128.17,318.0,10.0,0.0,0.0,0.0,328.0,-111.96976725200001,40.549554590999996,-111.90526891399999,40.5305236091
1130.19,1128.19,0.0,0.0,0.0,0.0,0.0,0.0,-111.96976725200001,40.549554590999996,-111.88006962600001,40.5140635727
1130.19,1130.17,70.0,0.0,0.0,0.0,0.0,70.0,-111.96976725200001,40.549554590999996,-111.948248678,40.511392168899995
1130.2,1128.04,0.0,0.0,0.0,0.0,0.0,0.0,-111.99405361,40.551548854699995,-111.862777239,40.5515369657
1130.2,1128.22,0.0,0.0,0.0,0.0,0.0,0.0,-111.99405361,40.551548854699995,-111.88153857200001,40.5515553247
1130.2,1128.2,30.0,0.0,0.0,0.0,0.0,30.0,-111.99405361,40.551548854699995,-111.879865905,40.4794072388
1130.2,1128.23,40.0,0.0,0.0,0.0,0.0,40.0,-111.99405361,40.551548854699995,-111.880345644,40.5350877531
1130.2,1152.09,100.0,0.0,0.0,0.0,0.0,100.0,-111.99405361,40.551548854699995,-112.03404403799999,40.5615932734
1130.2,1130.13,70.0,0.0,0.0,0.0,0.0,70.0,-111.99405361,40.551548854699995,-111.97543690200001,40.5295980976
1130.2,1128.18,130.0,0.0,0.0,0.0,0.0,130.0,-111.99405361,40.551548854699995,-111.901426578,40.4952724011
1130.2,1128.17,550.0,0.0,0.0,120.0,0.0,670.0,-111.99405361,40.551548854699995,-111.90526891399999,40.5305236091
1130.2,1130.14,20.0,0.0,0.0,0.0,0.0,20.0,-111.99405361,40.551548854699995,-111.94846811200001,40.5308388373
1130.2,1128.05,20.0,0.0,0.0,0.0,0.0,20.0,-111.99405361,40.551548854699995,-111.86136910399999,40.535781958499996
1130.2,1130.2,180.0,0.0,75.0,210.0,815.0,1280.0,-111.99405361,40.551548854699995,-111.99405361,40.551548854699995
1130.2,1131.05,120.0,0.0,0.0,0.0,0.0,120.0,-111.99405361,40.551548854699995,-112.11799308799999,40.525950728000005
1130.2,1128.15,0.0,0.0,0.0,0.0,0.0,0.0,-111.99405361,40.551548854699995,-111.79691893299999,40.5295233107
1130.2,1128.21,20.0,0.0,0.0,0.0,0.0,20.0,-111.99405361,40.551548854699995,-111.84131474799999,40.4979086579
1130.2,1130.17,0.0,0.0,0.0,0.0,0.0,0.0,-111.99405361,40.551548854699995,-111.948248678,40.511392168899995
1130.2,1130.16,400.0,0.0,0.0,0.0,0.0,400.0,-111.99405361,40.551548854699995,-111.975449825,40.5114696296
1130.2,1151.06,50.0,0.0,0.0,0.0,0.0,50.0,-111.99405361,40.551548854699995,-112.004628549,40.4599044577
1130.2,1128.19,110.0,0.0,0.0,0.0,0.0,110.0,-111.99405361,40.551548854699995,-111.88006962600001,40.5140635727
1130.2,1130.11,140.0,0.0,0.0,0.0,0.0,140.0,-111.99405361,40.551548854699995,-111.94344956,40.5508508861
1130.2,1130.19,140.0,0.0,25.0,0.0,0.0,165.0,-111.99405361,40.551548854699995,-111.96976725200001,40.549554590999996
1130.2,1128.1,70.0,0.0,0.0,0.0,0.0,70.0,-111.99405361,40.551548854699995,-111.93998765399999,40.4779393131
1130.2,1131.07,110.0,0.0,0.0,0.0,0.0,110.0,-111.99405361,40.551548854699995,-112.01956927100001,40.5162767243
1130.2,1146.0,0.0,0.0,0.0,0.0,0.0,0.0,-111.99405361,40.551548854699995,-111.927991851,40.518957980100005
1130.2,1128.16,100.0,0.0,0.0,0.0,0.0,100.0,-111.99405361,40.551548854699995,-111.86946193200001,40.505817353400005
1130.2,1130.12,440.0,0.0,0.0,0.0,0.0,440.0,-111.99405361,40.551548854699995,-111.920766871,40.5589868638
1131.05,1128.15,0.0,0.0,0.0,0.0,0.0,0.0,-112.11799308799999,40.525950728000005,-111.79691893299999,40.5295233107
1131.05,1128.2,0.0,0.0,0.0,0.0,0.0,0.0,-112.11799308799999,40.525950728000005,-111.879865905,40.4794072388
1131.05,1130.17,20.0,0.0,0.0,0.0,0.0,20.0,-112.11799308799999,40.525950728000005,-111.948248678,40.511392168899995
1131.05,1130.19,50.0,0.0,0.0,0.0,0.0,50.0,-112.11799308799999,40.525950728000005,-111.96976725200001,40.549554590999996
1131.05,1128.18,20.0,0.0,0.0,0.0,0.0,20.0,-112.11799308799999,40.525950728000005,-111.901426578,40.4952724011
1131.05,1152.09,100.0,0.0,0.0,0.0,0.0,100.0,-112.11799308799999,40.525950728000005,-112.03404403799999,40.5615932734
1131.05,1128.19,140.0,0.0,0.0,0.0,0.0,140.0,-112.11799308799999,40.525950728000005,-111.88006962600001,40.5140635727
1131.05,1130.2,120.0,0.0,0.0,0.0,0.0,120.0,-112.11799308799999,40.525950728000005,-111.99405361,40.551548854699995
1131.05,1151.06,50.0,0.0,0.0,0.0,0.0,50.0,-112.11799308799999,40.525950728000005,-112.004628549,40.4599044577
1131.05,1128.16,20.0,0.0,0.0,0.0,0.0,20.0,-112.11799308799999,40.525950728000005,-111.86946193200001,40.505817353400005
1131.05,1130.14,60.0,0.0,0.0,0.0,0.0,60.0,-112.11799308799999,40.525950728000005,-111.94846811200001,40.5308388373
1131.05,1130.11,90.0,0.0,0.0,0.0,0.0,90.0,-112.11799308799999,40.525950728000005,-111.94344956,40.5508508861
1131.05,1146.0,30.0,0.0,0.0,0.0,0.0,30.0,-112.11799308799999,40.525950728000005,-111.927991851,40.518957980100005
1131.05,1130.12,8.0,0.0,10.0,0.0,0.0,18.0,-112.11799308799999,40.525950728000005,-111.920766871,40.5589868638
1131.05,1130.16,210.0,0.0,0.0,0.0,0.0,210.0,-112.11799308799999,40.525950728000005,-111.975449825,40.5114696296
1131.05,1128.21,8.0,0.0,0.0,0.0,0.0,8.0,-112.11799308799999,40.525950728000005,-111.84131474799999,40.4979086579
1131.05,1128.17,420.0,0.0,0.0,0.0,0.0,420.0,-112.11799308799999,40.525950728000005,-111.90526891399999,40.5305236091
1131.05,1128.04,0.0,0.0,0.0,0.0,0.0,0.0,-112.11799308799999,40.525950728000005,-111.862777239,40.5515369657
1131.05,1128.22,0.0,0.0,0.0,0.0,0.0,0.0,-112.11799308799999,40.525950728000005,-111.88153857200001,40.5515553247
1131.05,1128.1,50.0,0.0,0.0,0.0,0.0,50.0,-112.11799308799999,40.525950728000005,-111.93998765399999,40.4779393131
1131.05,1130.13,20.0,0.0,0.0,0.0,0.0,20.0,-112.11799308799999,40.525950728000005,-111.97543690200001,40.5295980976
1131.05,1131.07,100.0,0.0,0.0,0.0,0.0,100.0,-112.11799308799999,40.525950728000005,-112.01956927100001,40.5162767243
1131.05,1131.05,70.0,0.0,0.0,4.0,170.0,244.0,-112.11799308799999,40.525950728000005,-112.11799308799999,40.525950728000005
1131.05,1128.23,60.0,0.0,0.0,0.0,0.0,60.0,-112.11799308799999,40.525950728000005,-111.880345644,40.5350877531
1131.05,1128.05,20.0,0.0,0.0,0.0,0.0,20.0,-112.11799308799999,40.525950728000005,-111.86136910399999,40.535781958499996
1131.07,1130.14,90.0,0.0,0.0,0.0,0.0,90.0,-112.01956927100001,40.5162767243,-111.94846811200001,40.5308388373
1131.07,1128.04,0.0,0.0,0.0,0.0,0.0,0.0,-112.01956927100001,40.5162767243,-111.862777239,40.5515369657
1131.07,1128.1,310.0,0.0,0.0,0.0,0.0,310.0,-112.01956927100001,40.5162767243,-111.93998765399999,40.4779393131
1131.07,1128.19,550.0,0.0,0.0,0.0,0.0,550.0,-112.01956927100001,40.5162767243,-111.88006962600001,40.5140635727
1131.07,1146.0,30.0,0.0,0.0,0.0,0.0,30.0,-112.01956927100001,40.5162767243,-111.927991851,40.518957980100005
1131.07,1130.19,270.0,0.0,0.0,0.0,0.0,270.0,-112.01956927100001,40.5162767243,-111.96976725200001,40.549554590999996
1131.07,1130.13,190.0,0.0,0.0,0.0,0.0,190.0,-112.01956927100001,40.5162767243,-111.97543690200001,40.5295980976
1131.07,1128.15,0.0,0.0,0.0,0.0,0.0,0.0,-112.01956927100001,40.5162767243,-111.79691893299999,40.5295233107
1131.07,1128.2,100.0,0.0,0.0,0.0,0.0,100.0,-112.01956927100001,40.5162767243,-111.879865905,40.4794072388
1131.07,1128.23,150.0,0.0,0.0,0.0,0.0,150.0,-112.01956927100001,40.5162767243,-111.880345644,40.5350877531
1131.07,1130.2,110.0,0.0,0.0,0.0,0.0,110.0,-112.01956927100001,40.5162767243,-111.99405361,40.551548854699995
1131.07,1131.05,100.0,0.0,0.0,0.0,0.0,100.0,-112.01956927100001,40.5162767243,-112.11799308799999,40.525950728000005
1131.07,1131.07,940.0,0.0,0.0,35.0,730.0,1705.0,-112.01956927100001,40.5162767243,-112.01956927100001,40.5162767243
1131.07,1151.06,500.0,0.0,0.0,0.0,0.0,500.0,-112.01956927100001,40.5162767243,-112.004628549,40.4599044577
1131.07,1128.18,0.0,0.0,0.0,0.0,0.0,0.0,-112.01956927100001,40.5162767243,-111.901426578,40.4952724011
1131.07,1128.05,0.0,0.0,0.0,0.0,0.0,0.0,-112.01956927100001,40.5162767243,-111.86136910399999,40.535781958499996
1131.07,1130.12,500.0,0.0,0.0,0.0,0.0,500.0,-112.01956927100001,40.5162767243,-111.920766871,40.5589868638
1131.07,1130.16,380.0,0.0,0.0,0.0,0.0,380.0,-112.01956927100001,40.5162767243,-111.975449825,40.5114696296
1131.07,1130.17,60.0,0.0,0.0,0.0,0.0,60.0,-112.01956927100001,40.5162767243,-111.948248678,40.511392168899995
1131.07,1128.21,20.0,0.0,0.0,0.0,0.0,20.0,-112.01956927100001,40.5162767243,-111.84131474799999,40.4979086579
1131.07,1128.17,1680.0,80.0,0.0,0.0,0.0,1760.0,-112.01956927100001,40.5162767243,-111.90526891399999,40.5305236091
1131.07,1152.09,110.0,0.0,0.0,0.0,0.0,110.0,-112.01956927100001,40.5162767243,-112.03404403799999,40.5615932734
1131.07,1128.22,0.0,0.0,0.0,0.0,0.0,0.0,-112.01956927100001,40.5162767243,-111.88153857200001,40.5515553247
1131.07,1130.11,0.0,0.0,0.0,0.0,0.0,0.0,-112.01956927100001,40.5162767243,-111.94344956,40.5508508861
1131.07,1128.16,160.0,0.0,0.0,0.0,0.0,160.0,-112.01956927100001,40.5162767243,-111.86946193200001,40.505817353400005
1146.0,1152.09,60.0,0.0,0.0,0.0,0.0,60.0,-111.927991851,40.518957980100005,-112.03404403799999,40.5615932734
1146.0,1130.17,60.0,0.0,0.0,15.0,0.0,75.0,-111.927991851,40.518957980100005,-111.948248678,40.511392168899995
1146.0,1131.05,30.0,0.0,0.0,0.0,0.0,30.0,-111.927991851,40.518957980100005,-112.11799308799999,40.525950728000005
1146.0,1128.17,250.0,0.0,0.0,0.0,0.0,250.0,-111.927991851,40.518957980100005,-111.90526891399999,40.5305236091
1146.0,1128.22,50.0,0.0,0.0,0.0,0.0,50.0,-111.927991851,40.518957980100005,-111.88153857200001,40.5515553247
1146.0,1128.2,30.0,0.0,0.0,0.0,0.0,30.0,-111.927991851,40.518957980100005,-111.879865905,40.4794072388
1146.0,1130.14,70.0,0.0,0.0,0.0,0.0,70.0,-111.927991851,40.518957980100005,-111.94846811200001,40.5308388373
1146.0,1128.19,200.0,0.0,0.0,0.0,0.0,200.0,-111.927991851,40.518957980100005,-111.88006962600001,40.5140635727
1146.0,1146.0,240.0,0.0,15.0,15.0,385.0,655.0,-111.927991851,40.518957980100005,-111.927991851,40.518957980100005
1146.0,1130.2,0.0,0.0,0.0,0.0,0.0,0.0,-111.927991851,40.518957980100005,-111.99405361,40.551548854699995
1146.0,1130.11,0.0,0.0,0.0,0.0,0.0,0.0,-111.927991851,40.518957980100005,-111.94344956,40.5508508861
1146.0,1130.13,60.0,0.0,0.0,0.0,0.0,60.0,-111.927991851,40.518957980100005,-111.97543690200001,40.5295980976
1146.0,1128.1,40.0,0.0,0.0,15.0,0.0,55.0,-111.927991851,40.518957980100005,-111.93998765399999,40.4779393131
1146.0,1128.21,0.0,0.0,0.0,0.0,0.0,0.0,-111.927991851,40.518957980100005,-111.84131474799999,40.4979086579
1146.0,1130.16,140.0,0.0,0.0,0.0,0.0,140.0,-111.927991851,40.518957980100005,-111.975449825,40.5114696296
1146.0,1130.12,50.0,0.0,0.0,0.0,0.0,50.0,-111.927991851,40.518957980100005,-111.920766871,40.5589868638
1146.0,1128.05,0.0,0.0,0.0,0.0,0.0,0.0,-111.927991851,40.518957980100005,-111.86136910399999,40.535781958499996
1146.0,1128.23,0.0,0.0,0.0,0.0,0.0,0.0,-111.927991851,40.518957980100005,-111.880345644,40.5350877531
1146.0,1128.04,30.0,0.0,0.0,0.0,0.0,30.0,-111.927991851,40.518957980100005,-111.862777239,40.5515369657
1146.0,1151.06,0.0,0.0,0.0,0.0,0.0,0.0,-111.927991851,40.518957980100005,-112.004628549,40.4599044577
1146.0,1128.16,70.0,0.0,0.0,0.0,0.0,70.0,-111.927991851,40.518957980100005,-111.86946193200001,40.505817353400005
1146.0,1128.15,0.0,0.0,0.0,0.0,0.0,0.0,-111.927991851,40.518957980100005,-111.79691893299999,40.5295233107
1146.0,1130.19,0.0,0.0,0.0,0.0,0.0,0.0,-111.927991851,40.518957980100005,-111.96976725200001,40.549554590999996
1146.0,1128.18,0.0,0.0,0.0,0.0,0.0,0.0,-111.927991851,40.518957980100005,-111.901426578,40.4952724011
1146.0,1131.07,30.0,0.0,0.0,0.0,0.0,30.0,-111.927991851,40.518957980100005,-112.01956927100001,40.5162767243
1151.06,1128.2,140.0,0.0,0.0,0.0,0.0,140.0,-112.004628549,40.4599044577,-111.879865905,40.4794072388
1151.06,1131.07,500.0,0.0,0.0,0.0,0.0,500.0,-112.004628549,40.4599044577,-112.01956927100001,40.5162767243
1151.06,1146.0,0.0,0.0,0.0,0.0,0.0,0.0,-112.004628549,40.4599044577,-111.927991851,40.518957980100005
1151.06,1130.13,120.0,0.0,0.0,0.0,0.0,120.0,-112.004628549,40.4599044577,-111.97543690200001,40.5295980976
1151.06,1152.09,100.0,0.0,0.0,0.0,0.0,100.0,-112.004628549,40.4599044577,-112.03404403799999,40.5615932734
1151.06,1151.06,90.0,0.0,0.0,0.0,395.0,485.0,-112.004628549,40.4599044577,-112.004628549,40.4599044577
1151.06,1128.1,50.0,0.0,0.0,0.0,0.0,50.0,-112.004628549,40.4599044577,-111.93998765399999,40.4779393131
1151.06,1128.16,30.0,0.0,0.0,0.0,0.0,30.0,-112.004628549,40.4599044577,-111.86946193200001,40.505817353400005
1151.06,1130.14,0.0,0.0,0.0,0.0,0.0,0.0,-112.004628549,40.4599044577,-111.94846811200001,40.5308388373
1151.06,1130.12,98.0,0.0,0.0,0.0,0.0,98.0,-112.004628549,40.4599044577,-111.920766871,40.5589868638
1151.06,1128.04,8.0,0.0,0.0,0.0,0.0,8.0,-112.004628549,40.4599044577,-111.862777239,40.5515369657
1151.06,1128.22,0.0,0.0,0.0,0.0,0.0,0.0,-112.004628549,40.4599044577,-111.88153857200001,40.5515553247
1151.06,1130.19,110.0,0.0,0.0,0.0,0.0,110.0,-112.004628549,40.4599044577,-111.96976725200001,40.549554590999996
1151.06,1128.19,70.0,0.0,0.0,0.0,0.0,70.0,-112.004628549,40.4599044577,-111.88006962600001,40.5140635727
1151.06,1128.17,310.0,0.0,0.0,0.0,0.0,310.0,-112.004628549,40.4599044577,-111.90526891399999,40.5305236091
1151.06,1130.17,40.0,0.0,0.0,0.0,0.0,40.0,-112.004628549,40.4599044577,-111.948248678,40.511392168899995
1151.06,1130.11,70.0,0.0,0.0,0.0,0.0,70.0,-112.004628549,40.4599044577,-111.94344956,40.5508508861
1151.06,1128.15,0.0,0.0,0.0,0.0,0.0,0.0,-112.004628549,40.4599044577,-111.79691893299999,40.5295233107
1151.06,1131.05,50.0,0.0,0.0,0.0,0.0,50.0,-112.004628549,40.4599044577,-112.11799308799999,40.525950728000005
1151.06,1130.2,50.0,0.0,0.0,0.0,0.0,50.0,-112.004628549,40.4599044577,-111.99405361,40.551548854699995
1151.06,1128.18,30.0,0.0,0.0,0.0,0.0,30.0,-112.004628549,40.4599044577,-111.901426578,40.4952724011
1151.06,1128.05,0.0,0.0,0.0,0.0,0.0,0.0,-112.004628549,40.4599044577,-111.86136910399999,40.535781958499996
1151.06,1128.21,0.0,0.0,0.0,0.0,0.0,0.0,-112.004628549,40.4599044577,-111.84131474799999,40.4979086579
1151.06,1130.16,130.0,0.0,0.0,0.0,0.0,130.0,-112.004628549,40.4599044577,-111.975449825,40.5114696296
1151.06,1128.23,40.0,0.0,0.0,0.0,0.0,40.0,-112.004628549,40.4599044577,-111.880345644,40.5350877531
1152.09,1128.04,20.0,0.0,0.0,0.0,0.0,20.0,-112.03404403799999,40.5615932734,-111.862777239,40.5515369657
1152.09,1130.14,90.0,0.0,0.0,0.0,0.0,90.0,-112.03404403799999,40.5615932734,-111.94846811200001,40.5308388373
1152.09,1128.05,50.0,0.0,0.0,0.0,0.0,50.0,-112.03404403799999,40.5615932734,-111.86136910399999,40.535781958499996
1152.09,1130.17,70.0,0.0,0.0,0.0,0.0,70.0,-112.03404403799999,40.5615932734,-111.948248678,40.511392168899995
1152.09,1128.18,0.0,0.0,0.0,0.0,0.0,0.0,-112.03404403799999,40.5615932734,-111.901426578,40.4952724011
1152.09,1130.19,90.0,0.0,0.0,0.0,0.0,90.0,-112.03404403799999,40.5615932734,-111.96976725200001,40.549554590999996
1152.09,1151.06,100.0,0.0,0.0,0.0,0.0,100.0,-112.03404403799999,40.5615932734,-112.004628549,40.4599044577
1152.09,1128.2,40.0,0.0,0.0,0.0,0.0,40.0,-112.03404403799999,40.5615932734,-111.879865905,40.4794072388
1152.09,1131.07,110.0,0.0,0.0,0.0,0.0,110.0,-112.03404403799999,40.5615932734,-112.01956927100001,40.5162767243
1152.09,1128.16,110.0,0.0,0.0,0.0,0.0,110.0,-112.03404403799999,40.5615932734,-111.86946193200001,40.505817353400005
1152.09,1128.21,60.0,0.0,0.0,0.0,0.0,60.0,-112.03404403799999,40.5615932734,-111.84131474799999,40.4979086579
1152.09,1130.2,100.0,0.0,0.0,0.0,0.0,100.0,-112.03404403799999,40.5615932734,-111.99405361,40.551548854699995
1152.09,1128.17,300.0,0.0,0.0,0.0,0.0,300.0,-112.03404403799999,40.5615932734,-111.90526891399999,40.5305236091
1152.09,1130.12,150.0,0.0,0.0,0.0,0.0,150.0,-112.03404403799999,40.5615932734,-111.920766871,40.5589868638
1152.09,1130.13,60.0,0.0,0.0,0.0,0.0,60.0,-112.03404403799999,40.5615932734,-111.97543690200001,40.5295980976
1152.09,1130.16,120.0,0.0,0.0,0.0,0.0,120.0,-112.03404403799999,40.5615932734,-111.975449825,40.5114696296
1152.09,1131.05,100.0,0.0,0.0,0.0,0.0,100.0,-112.03404403799999,40.5615932734,-112.11799308799999,40.525950728000005
1152.09,1130.11,40.0,0.0,0.0,0.0,0.0,40.0,-112.03404403799999,40.5615932734,-111.94344956,40.5508508861
1152.09,1128.1,20.0,0.0,0.0,0.0,0.0,20.0,-112.03404403799999,40.5615932734,-111.93998765399999,40.4779393131
1152.09,1128.22,8.0,0.0,0.0,0.0,0.0,8.0,-112.03404403799999,40.5615932734,-111.88153857200001,40.5515553247
1152.09,1128.19,30.0,0.0,0.0,0.0,0.0,30.0,-112.03404403799999,40.5615932734,-111.88006962600001,40.5140635727
1152.09,1146.0,60.0,0.0,0.0,0.0,0.0,60.0,-112.03404403799999,40.5615932734,-111.927991851,40.518957980100005
1152.09,1128.15,20.0,0.0,0.0,0.0,0.0,20.0,-112.03404403799999,40.5615932734,-111.79691893299999,40.5295233107
1152.09,1128.23,30.0,0.0,0.0,20.0,0.0,50.0,-112.03404403799999,40.5615932734,-111.880345644,40.5350877531
1152.09,1152.09,260.0,0.0,0.0,0.0,165.0,425.0,-112.03404403799999,40.5615932734,-112.03404403799999,40.5615932734
