"","Origin","Destination","auto","transit","bike","walk","others","Total_flows","X_Org","Y_Org","X_Dest","Y_Dest","status","in-vehicleTime","waitingTime","transfers","accessTime"
"1",1128.04,1128.15,50,0,0,0,0,50,-111.862777239,40.5515369657,-111.796918933,40.5295233107,"OK",0,0,0,104.85
"2",1128.04,1130.14,0,0,0,0,0,0,-111.862777239,40.5515369657,-111.948468112,40.5308388373,"OK",53.12,12.23,1,43.5
"3",1128.04,1130.12,0,0,0,0,0,0,-111.862777239,40.5515369657,-111.920766871,40.5589868638,"OK",57.05,12.23,1,17.57
"4",1128.04,1130.2,0,0,0,0,0,0,-111.862777239,40.5515369657,-111.99405361,40.5515488547,"OK",56.93,49.43,3,21.67
"5",1128.04,1131.05,0,0,0,0,0,0,-111.862777239,40.5515369657,-112.117993088,40.525950728,"OK",56.48,95.2,3,188.97
"6",1128.04,1130.17,0,0,0,0,0,0,-111.862777239,40.5515369657,-111.948248678,40.5113921689,"OK",65.92,89.2,3,16.45
"7",1128.04,1128.16,40,0,0,0,0,40,-111.862777239,40.5515369657,-111.869461932,40.5058173534,"OK",11.37,0.03,0,29.63
"8",1128.04,1128.23,100,0,0,0,0,100,-111.862777239,40.5515369657,-111.880345644,40.5350877531,"OK",16.6,16.98,1,16.15
"9",1128.04,1128.19,50,0,0,0,0,50,-111.862777239,40.5515369657,-111.880069626,40.5140635727,"OK",12.7,0.03,0,26.25
"10",1128.04,1130.11,50,0,0,0,0,50,-111.862777239,40.5515369657,-111.94344956,40.5508508861,"OK",55.67,12.23,1,23.32
"11",1128.04,1128.18,20,0,0,0,0,20,-111.862777239,40.5515369657,-111.901426578,40.4952724011,"OK",35.6,11.27,1,61.57
"12",1128.04,1128.22,80,20,0,0,0,100,-111.862777239,40.5515369657,-111.881538572,40.5515553247,"OK",0,0,0,20.28
"13",1128.04,1151.06,8,0,0,0,0,8,-111.862777239,40.5515369657,-112.004628549,40.4599044577,"OK",74.22,89.2,3,69.9
"14",1128.04,1128.17,320,0,0,0,10,330,-111.862777239,40.5515369657,-111.905268914,40.5305236091,"OK",29.4,11.27,1,23
"15",1128.04,1146,30,0,0,0,0,30,-111.862777239,40.5515369657,-111.927991851,40.5189579801,"OK",35.6,11.27,1,43.88
"16",1128.04,1128.2,70,0,0,0,0,70,-111.862777239,40.5515369657,-111.879865905,40.4794072388,"OK",11.37,0.03,0,88.52
"17",1128.04,1130.16,0,0,0,0,0,0,-111.862777239,40.5515369657,-111.975449825,40.5114696296,"OK",66.58,49.43,3,10.17
"18",1128.04,1128.21,20,0,0,0,0,20,-111.862777239,40.5515369657,-111.841314748,40.4979086579,"OK",19.6,16.98,1,61.98
"19",1128.04,1130.19,40,0,0,0,0,40,-111.862777239,40.5515369657,-111.969767252,40.549554591,"OK",61.8,49.43,3,26.72
"20",1128.04,1152.09,20,0,0,0,0,20,-111.862777239,40.5515369657,-112.034044038,40.5615932734,"OK",46.6,39.77,2,24.85
"21",1128.04,1128.1,0,0,0,0,0,0,-111.862777239,40.5515369657,-111.939987654,40.4779393131,"OK",35.6,11.27,1,95.22
"22",1128.04,1128.04,80,0,0,0,195,275,-111.862777239,40.5515369657,-111.862777239,40.5515369657,"409",NA,NA,NA,NA
"23",1128.04,1130.13,20,0,0,0,0,20,-111.862777239,40.5515369657,-111.975436902,40.5295980976,"OK",64.58,49.43,3,19.9
"24",1128.04,1131.07,0,0,0,0,0,0,-111.862777239,40.5515369657,-112.019569271,40.5162767243,"OK",81.42,89.2,3,11.63
"25",1128.04,1128.05,80,0,0,0,0,80,-111.862777239,40.5515369657,-111.861369104,40.5357819585,"OK",5.83,0.03,0,3.6
"26",1128.05,1130.19,20,0,0,0,0,20,-111.861369104,40.5357819585,-111.969767252,40.549554591,"OK",51.97,39.45,2,36.42
"27",1128.05,1130.17,30,0,0,0,0,30,-111.861369104,40.5357819585,-111.948248678,40.5113921689,"OK",64.07,49.43,3,21.08
"28",1128.05,1130.12,0,0,0,0,0,0,-111.861369104,40.5357819585,-111.920766871,40.5589868638,"OK",48.45,20.43,1,36.37
"29",1128.05,1128.1,20,0,0,0,0,20,-111.861369104,40.5357819585,-111.939987654,40.4779393131,"OK",65.02,49.43,3,63.18
"30",1128.05,1128.17,380,0,0,0,0,380,-111.861369104,40.5357819585,-111.905268914,40.5305236091,"OK",10.25,0.03,0,34.05
"31",1128.05,1128.15,100,0,0,10,0,110,-111.861369104,40.5357819585,-111.796918933,40.5295233107,"OK",0,0,0,92.53
"32",1128.05,1128.18,0,0,0,0,0,0,-111.861369104,40.5357819585,-111.901426578,40.4952724011,"OK",45.97,14.57,1,82.9
"33",1128.05,1146,0,0,0,0,0,0,-111.861369104,40.5357819585,-111.927991851,40.5189579801,"OK",10.25,0.03,0,59.03
"34",1128.05,1128.19,170,0,0,0,0,170,-111.861369104,40.5357819585,-111.880069626,40.5140635727,"OK",6.87,0.03,0,29.05
"35",1128.05,1130.13,50,0,0,0,0,50,-111.861369104,40.5357819585,-111.975436902,40.5295980976,"OK",48.07,39.45,2,37.23
"36",1128.05,1128.21,65,0,0,0,0,65,-111.861369104,40.5357819585,-111.841314748,40.4979086579,"OK",0,0,0,79.47
"37",1128.05,1128.04,80,0,0,0,0,80,-111.861369104,40.5357819585,-111.862777239,40.5515369657,"OK",0,0,0,23.87
"38",1128.05,1128.2,30,0,0,0,0,30,-111.861369104,40.5357819585,-111.879865905,40.4794072388,"OK",0,0,0,107.32
"39",1128.05,1152.09,50,0,0,0,0,50,-111.861369104,40.5357819585,-112.034044038,40.5615932734,"OK",38,18.02,1,43.6
"40",1128.05,1130.16,40,0,0,0,0,40,-111.861369104,40.5357819585,-111.975449825,40.5114696296,"OK",54,52.45,2,27.08
"41",1128.05,1151.06,0,0,0,0,0,0,-111.861369104,40.5357819585,-112.004628549,40.4599044577,"OK",72.37,49.43,3,74.53
"42",1128.05,1128.05,208,0,0,15,165,388,-111.861369104,40.5357819585,-111.861369104,40.5357819585,"409",NA,NA,NA,NA
"43",1128.05,1131.07,0,0,0,0,0,0,-111.861369104,40.5357819585,-112.019569271,40.5162767243,"OK",48.78,28.45,2,60.32
"44",1128.05,1128.22,80,0,0,0,0,80,-111.861369104,40.5357819585,-111.881538572,40.5515553247,"OK",18.25,0.03,0,14.22
"45",1128.05,1128.23,60,0,0,0,0,60,-111.861369104,40.5357819585,-111.880345644,40.5350877531,"OK",0,0,0,32.53
"46",1128.05,1130.11,0,0,0,0,0,0,-111.861369104,40.5357819585,-111.94344956,40.5508508861,"OK",47.07,20.43,1,42.12
"47",1128.05,1131.05,20,0,0,0,0,20,-111.861369104,40.5357819585,-112.117993088,40.525950728,"OK",47.88,28.45,2,207.72
"48",1128.05,1128.16,50,0,0,0,0,50,-111.861369104,40.5357819585,-111.869461932,40.5058173534,"OK",0,0,0,48.43
"49",1128.05,1130.14,40,0,0,0,0,40,-111.861369104,40.5357819585,-111.948468112,40.5308388373,"OK",44.52,20.43,1,62.3
"50",1128.05,1130.2,20,0,0,0,0,20,-111.861369104,40.5357819585,-111.99405361,40.5515488547,"OK",61.43,39.45,2,27.07
"51",1128.1,1130.11,70,0,0,0,0,70,-111.939987654,40.4779393131,-111.94344956,40.5508508861,"OK",49.73,50.52,2,79.35
"52",1128.1,1128.19,80,0,0,0,0,80,-111.939987654,40.4779393131,-111.880069626,40.5140635727,"OK",71.98,51.67,3,85.67
"53",1128.1,1128.18,20,0,0,0,0,20,-111.939987654,40.4779393131,-111.901426578,40.4952724011,"OK",0,0,0,99.73
"54",1128.1,1130.2,70,0,0,0,0,70,-111.939987654,40.4779393131,-111.99405361,40.5515488547,"OK",19.08,0.03,0,72.72
"55",1128.1,1128.05,20,0,0,0,0,20,-111.939987654,40.4779393131,-111.861369104,40.5357819585,"OK",73.48,44.13,3,62.98
"56",1128.1,1128.21,20,0,0,0,0,20,-111.939987654,40.4779393131,-111.841314748,40.4979086579,"OK",0,0,0,142.23
"57",1128.1,1146,40,0,0,15,0,55,-111.939987654,40.4779393131,-111.927991851,40.5189579801,"OK",0,0,0,77.8
"58",1128.1,1130.19,90,0,0,0,0,90,-111.939987654,40.4779393131,-111.969767252,40.549554591,"OK",53.83,16.9,1,70.88
"59",1128.1,1128.15,20,0,0,0,0,20,-111.939987654,40.4779393131,-111.796918933,40.5295233107,"OK",73.48,44.13,3,152.25
"60",1128.1,1128.04,0,0,0,0,0,0,-111.939987654,40.4779393131,-111.862777239,40.5515369657,"OK",67.65,44.13,3,60.18
"61",1128.1,1128.23,120,0,0,0,0,120,-111.939987654,40.4779393131,-111.880345644,40.5350877531,"OK",60.73,23.18,2,73
"62",1128.1,1128.2,0,0,0,0,0,0,-111.939987654,40.4779393131,-111.879865905,40.4794072388,"OK",0,0,0,106.32
"63",1128.1,1131.05,50,0,0,0,0,50,-111.939987654,40.4779393131,-112.117993088,40.525950728,"OK",30.62,25.03,1,242.18
"64",1128.1,1130.16,100,0,0,0,0,100,-111.939987654,40.4779393131,-111.975449825,40.5114696296,"OK",4.1,0.03,0,59.08
"65",1128.1,1128.16,80,0,0,0,0,80,-111.939987654,40.4779393131,-111.869461932,40.5058173534,"OK",0,0,0,124.42
"66",1128.1,1130.13,60,0,0,0,0,60,-111.939987654,40.4779393131,-111.975436902,40.5295980976,"OK",10.87,0.03,0,58.63
"67",1128.1,1128.1,240,0,0,30,399,669,-111.939987654,40.4779393131,-111.939987654,40.4779393131,"409",NA,NA,NA,NA
"68",1128.1,1128.17,390,0,0,0,0,390,-111.939987654,40.4779393131,-111.905268914,40.5305236091,"OK",0,0,0,112.2
"69",1128.1,1130.14,170,0,0,0,0,170,-111.939987654,40.4779393131,-111.948468112,40.5308388373,"OK",0,0,0,93.92
"70",1128.1,1152.09,20,0,0,0,0,20,-111.939987654,40.4779393131,-112.034044038,40.5615932734,"OK",29.73,12.22,1,81.35
"71",1128.1,1131.07,310,0,0,0,0,310,-111.939987654,40.4779393131,-112.019569271,40.5162767243,"OK",23.55,51.03,1,64.85
"72",1128.1,1130.12,50,0,0,0,0,50,-111.939987654,40.4779393131,-111.920766871,40.5589868638,"OK",51.48,50.52,2,73.88
"73",1128.1,1128.22,30,0,0,0,0,30,-111.939987654,40.4779393131,-111.881538572,40.5515553247,"OK",58.73,23.18,2,74.85
"74",1128.1,1151.06,50,0,0,0,0,50,-111.939987654,40.4779393131,-112.004628549,40.4599044577,"OK",0,0,0,146.5
"75",1128.1,1130.17,90,0,0,0,0,90,-111.939987654,40.4779393131,-111.948248678,40.5113921689,"OK",0,0,0,72.67
"76",1128.15,1128.05,100,0,0,10,0,110,-111.796918933,40.5295233107,-111.861369104,40.5357819585,"OK",0,0,0,92.57
"77",1128.15,1128.22,40,0,0,0,0,40,-111.796918933,40.5295233107,-111.881538572,40.5515553247,"OK",18.25,0.03,0,103.52
"78",1128.15,1131.07,0,0,0,0,0,0,-111.796918933,40.5295233107,-112.019569271,40.5162767243,"OK",79.57,49.43,3,105.57
"79",1128.15,1128.1,20,0,0,0,0,20,-111.796918933,40.5295233107,-111.939987654,40.4779393131,"OK",65.02,49.43,3,152.48
"80",1128.15,1131.05,0,0,0,0,0,0,-111.796918933,40.5295233107,-112.117993088,40.525950728,"OK",54.63,55.43,3,282.9
"81",1128.15,1130.11,0,0,0,0,0,0,-111.796918933,40.5295233107,-111.94344956,40.5508508861,"OK",76.32,12.23,1,114.98
"82",1128.15,1130.16,8,0,0,0,0,8,-111.796918933,40.5295233107,-111.975449825,40.5114696296,"OK",56,52.45,2,111.07
"83",1128.15,1128.2,0,0,0,0,0,0,-111.796918933,40.5295233107,-111.879865905,40.4794072388,"OK",0,0,0,164.45
"84",1128.15,1128.21,20,0,0,0,0,20,-111.796918933,40.5295233107,-111.841314748,40.4979086579,"OK",0,0,0,119.85
"85",1128.15,1152.09,20,0,0,0,0,20,-111.796918933,40.5295233107,-112.034044038,40.5615932734,"OK",40,18.02,1,127.58
"86",1128.15,1128.23,130,0,0,0,0,130,-111.796918933,40.5295233107,-111.880345644,40.5350877531,"OK",2,0.03,0,117
"87",1128.15,1151.06,0,0,0,0,0,0,-111.796918933,40.5295233107,-112.004628549,40.4599044577,"OK",72.37,49.43,3,163.83
"88",1128.15,1128.16,70,0,0,0,0,70,-111.796918933,40.5295233107,-111.869461932,40.5058173534,"OK",0,0,0,119.27
"89",1128.15,1130.14,50,0,0,0,0,50,-111.796918933,40.5295233107,-111.948468112,40.5308388373,"OK",46.52,35.43,1,146.28
"90",1128.15,1130.2,0,0,0,0,0,0,-111.796918933,40.5295233107,-111.99405361,40.5515488547,"OK",46.35,52.45,2,122.57
"91",1128.15,1128.15,120,0,0,35,295,450,-111.796918933,40.5295233107,-111.796918933,40.5295233107,"409",NA,NA,NA,NA
"92",1128.15,1128.04,50,0,0,0,0,50,-111.796918933,40.5295233107,-111.862777239,40.5515369657,"OK",0,0,0,105.08
"93",1128.15,1128.19,100,0,0,0,0,100,-111.796918933,40.5295233107,-111.880069626,40.5140635727,"OK",0,0,0,125.9
"94",1128.15,1130.13,0,0,0,0,0,0,-111.796918933,40.5295233107,-111.975436902,40.5295980976,"OK",54,52.45,2,120.8
"95",1128.15,1128.17,350,0,0,0,0,350,-111.796918933,40.5295233107,-111.905268914,40.5305236091,"OK",10.22,0.03,0,132.23
"96",1128.15,1130.17,0,0,0,0,0,0,-111.796918933,40.5295233107,-111.948248678,40.5113921689,"OK",64.07,49.43,3,110.38
"97",1128.15,1130.19,20,0,0,0,0,20,-111.796918933,40.5295233107,-111.969767252,40.549554591,"OK",51.22,52.45,2,127.62
"98",1128.15,1128.18,0,0,0,0,0,0,-111.796918933,40.5295233107,-111.901426578,40.4952724011,"OK",56.25,11.27,1,153.23
"99",1128.15,1130.12,110,0,0,0,0,110,-111.796918933,40.5295233107,-111.920766871,40.5589868638,"OK",16.82,19.47,1,132.17
"100",1128.15,1146,0,0,0,0,0,0,-111.796918933,40.5295233107,-111.927991851,40.5189579801,"OK",10.25,0.03,0,148.33
"101",1128.16,1131.07,160,0,0,0,0,160,-111.869461932,40.5058173534,-112.019569271,40.5162767243,"OK",74.82,37.45,2,47.05
"102",1128.16,1128.21,20,0,20,0,0,40,-111.869461932,40.5058173534,-111.841314748,40.4979086579,"OK",0,0,0,52.28
"103",1128.16,1128.1,80,0,0,0,0,80,-111.869461932,40.5058173534,-111.939987654,40.4779393131,"OK",0,0,0,124.42
"104",1128.16,1128.2,230,0,0,0,0,230,-111.869461932,40.5058173534,-111.879865905,40.4794072388,"OK",0,0,0,58.88
"105",1128.16,1128.19,200,0,0,0,0,200,-111.869461932,40.5058173534,-111.880069626,40.5140635727,"OK",0,0,0,24.35
"106",1128.16,1151.06,30,0,0,0,0,30,-111.869461932,40.5058173534,-112.004628549,40.4599044577,"OK",67.62,37.45,2,105.32
"107",1128.16,1128.04,40,0,0,0,0,40,-111.869461932,40.5058173534,-111.862777239,40.5515369657,"OK",15.12,0.03,0,30.07
"108",1128.16,1130.12,50,0,0,0,0,50,-111.869461932,40.5058173534,-111.920766871,40.5589868638,"OK",50.45,20.43,1,53.03
"109",1128.16,1130.2,100,0,0,0,0,100,-111.869461932,40.5058173534,-111.99405361,40.5515488547,"OK",44,18.02,1,71.15
"110",1128.16,1130.14,60,0,0,0,0,60,-111.869461932,40.5058173534,-111.948468112,40.5308388373,"OK",46.52,20.43,1,78.97
"111",1128.16,1130.11,140,0,0,0,0,140,-111.869461932,40.5058173534,-111.94344956,40.5508508861,"OK",49.07,20.43,1,58.78
"112",1128.16,1146,70,0,0,0,0,70,-111.869461932,40.5058173534,-111.927991851,40.5189579801,"OK",2.75,0.03,0,85.07
"113",1128.16,1130.13,30,0,0,0,0,30,-111.869461932,40.5058173534,-111.975436902,40.5295980976,"OK",54,52.45,2,53.48
"114",1128.16,1128.16,200,0,0,15,235,450,-111.869461932,40.5058173534,-111.869461932,40.5058173534,"409",NA,NA,NA,NA
"115",1128.16,1131.05,20,0,0,0,0,20,-111.869461932,40.5058173534,-112.117993088,40.525950728,"OK",49.88,28.45,2,224.38
"116",1128.16,1128.15,70,0,0,0,0,70,-111.869461932,40.5058173534,-111.796918933,40.5295233107,"OK",0,0,0,119.23
"117",1128.16,1128.22,60,0,0,0,0,60,-111.869461932,40.5058173534,-111.881538572,40.5515553247,"OK",3,0.03,0,51.53
"118",1128.16,1130.19,30,0,0,0,0,30,-111.869461932,40.5058173534,-111.969767252,40.549554591,"OK",51.22,37.45,2,60.3
"119",1128.16,1128.05,50,0,0,0,0,50,-111.869461932,40.5058173534,-111.861369104,40.5357819585,"OK",0,0,0,48.43
"120",1128.16,1128.23,40,0,20,0,0,60,-111.869461932,40.5058173534,-111.880345644,40.5350877531,"OK",2,0.03,0,49.68
"121",1128.16,1152.09,110,0,0,0,0,110,-111.869461932,40.5058173534,-112.034044038,40.5615932734,"OK",40,18.02,1,60.27
"122",1128.16,1130.17,110,0,0,0,0,110,-111.869461932,40.5058173534,-111.948248678,40.5113921689,"OK",59.32,37.45,2,51.87
"123",1128.16,1128.17,320,0,0,0,0,320,-111.869461932,40.5058173534,-111.905268914,40.5305236091,"OK",2.75,0.03,0,60.08
"124",1128.16,1128.18,0,0,0,0,0,0,-111.869461932,40.5058173534,-111.901426578,40.4952724011,"OK",0,0,0,90.98
"125",1128.16,1130.16,70,0,0,0,0,70,-111.869461932,40.5058173534,-111.975449825,40.5114696296,"OK",56,52.45,2,43.75
"126",1128.17,1128.04,320,0,0,0,0,320,-111.905268914,40.5305236091,-111.862777239,40.5515369657,"OK",10.4,0.03,0,31.68
"127",1128.17,1130.2,550,0,0,120,0,670,-111.905268914,40.5305236091,-111.99405361,40.5515488547,"OK",21.05,0.03,0,62.15
"128",1128.17,1130.12,550,0,0,0,0,550,-111.905268914,40.5305236091,-111.920766871,40.5589868638,"OK",5.25,0.03,0,48.63
"129",1128.17,1128.22,390,0,0,0,0,390,-111.905268914,40.5305236091,-111.881538572,40.5515553247,"OK",8,0.03,0,41.87
"130",1128.17,1146,250,0,0,0,0,250,-111.905268914,40.5305236091,-111.927991851,40.5189579801,"OK",0,0,0,40.23
"131",1128.17,1131.07,1680,80,0,0,0,1760,-111.905268914,40.5305236091,-112.019569271,40.5162767243,"OK",25.52,51.03,1,54.28
"132",1128.17,1128.16,320,0,0,0,0,320,-111.905268914,40.5305236091,-111.869461932,40.5058173534,"OK",2.95,0.03,0,61.98
"133",1128.17,1130.14,250,0,0,0,0,250,-111.905268914,40.5305236091,-111.948468112,40.5308388373,"OK",0,0,0,66.38
"134",1128.17,1128.18,0,0,0,0,0,0,-111.905268914,40.5305236091,-111.901426578,40.4952724011,"OK",0,0,0,83.38
"135",1128.17,1128.05,380,0,0,0,0,380,-111.905268914,40.5305236091,-111.861369104,40.5357819585,"OK",2.95,0.03,0,52.35
"136",1128.17,1130.19,318,10,0,0,0,328,-111.905268914,40.5305236091,-111.969767252,40.549554591,"OK",52.92,0.03,0,67.53
"137",1128.17,1131.05,420,0,0,0,0,420,-111.905268914,40.5305236091,-112.117993088,40.525950728,"OK",45.88,27.22,2,216.95
"138",1128.17,1128.23,450,0,0,0,0,450,-111.905268914,40.5305236091,-111.880345644,40.5350877531,"OK",0,0,0,48.7
"139",1128.17,1152.09,300,0,0,0,0,300,-111.905268914,40.5305236091,-112.034044038,40.5615932734,"OK",36,16.78,1,52.83
"140",1128.17,1128.21,550,0,0,0,0,550,-111.905268914,40.5305236091,-111.841314748,40.4979086579,"OK",3.5,0.03,0,90.67
"141",1128.17,1128.15,350,0,0,0,0,350,-111.905268914,40.5305236091,-111.796918933,40.5295233107,"OK",3.5,0.03,0,133.18
"142",1128.17,1128.1,390,0,0,0,0,390,-111.905268914,40.5305236091,-111.939987654,40.4779393131,"OK",1.97,0.03,0,101.2
"143",1128.17,1128.2,420,0,0,0,0,420,-111.905268914,40.5305236091,-111.879865905,40.4794072388,"OK",0,0,0,118.22
"144",1128.17,1130.16,170,0,0,0,0,170,-111.905268914,40.5305236091,-111.975449825,40.5114696296,"OK",6.07,0.03,0,48.52
"145",1128.17,1128.19,520,0,0,0,0,520,-111.905268914,40.5305236091,-111.880069626,40.5140635727,"OK",0,0,0,60.18
"146",1128.17,1130.17,260,0,0,0,0,260,-111.905268914,40.5305236091,-111.948248678,40.5113921689,"OK",1.02,0.03,0,59.1
"147",1128.17,1128.17,730,0,0,35,340,1105,-111.905268914,40.5305236091,-111.905268914,40.5305236091,"409",NA,NA,NA,NA
"148",1128.17,1151.06,310,0,0,0,0,310,-111.905268914,40.5305236091,-112.004628549,40.4599044577,"OK",18.32,51.03,1,112.55
"149",1128.17,1130.13,200,0,0,0,0,200,-111.905268914,40.5305236091,-111.975436902,40.5295980976,"OK",12.83,0.03,0,48.07
"150",1128.17,1130.11,420,0,0,0,0,420,-111.905268914,40.5305236091,-111.94344956,40.5508508861,"OK",3.87,0.03,0,54.38
"151",1128.18,1128.17,0,0,0,0,0,0,-111.901426578,40.4952724011,-111.905268914,40.5305236091,"OK",0,0,0,83.38
"152",1128.18,1130.12,0,0,10,0,0,10,-111.901426578,40.4952724011,-111.920766871,40.5589868638,"OK",23.05,17.2,1,77.13
"153",1128.18,1130.19,0,0,0,0,0,0,-111.901426578,40.4952724011,-111.969767252,40.549554591,"OK",49.97,38.22,2,78.65
"154",1128.18,1128.19,0,0,0,0,0,0,-111.901426578,40.4952724011,-111.880069626,40.5140635727,"OK",0,0,0,102.85
"155",1128.18,1128.1,20,0,0,0,0,20,-111.901426578,40.4952724011,-111.939987654,40.4779393131,"OK",0,0,0,99.73
"156",1128.18,1130.17,50,0,0,0,0,50,-111.901426578,40.4952724011,-111.948248678,40.5113921689,"OK",1.02,0.03,0,116.9
"157",1128.18,1146,0,0,0,0,0,0,-111.901426578,40.4952724011,-111.927991851,40.5189579801,"OK",0,0,0,94.83
"158",1128.18,1130.13,0,0,0,0,0,0,-111.901426578,40.4952724011,-111.975436902,40.5295980976,"OK",46.07,38.22,2,79.47
"159",1128.18,1128.21,0,0,0,0,0,0,-111.901426578,40.4952724011,-111.841314748,40.4979086579,"OK",0,0,0,108.8
"160",1128.18,1128.23,0,0,0,0,0,0,-111.901426578,40.4952724011,-111.880345644,40.5350877531,"OK",30,19.27,1,76
"161",1128.18,1152.09,0,0,0,0,0,0,-111.901426578,40.4952724011,-112.034044038,40.5615932734,"OK",36,16.78,1,85.83
"162",1128.18,1128.2,0,0,0,0,0,0,-111.901426578,40.4952724011,-111.879865905,40.4794072388,"OK",0,0,0,72.88
"163",1128.18,1130.16,40,0,0,0,0,40,-111.901426578,40.4952724011,-111.975449825,40.5114696296,"OK",59.6,92.05,3,69.02
"164",1128.18,1151.06,30,0,0,0,0,30,-111.901426578,40.4952724011,-112.004628549,40.4599044577,"OK",63.62,81.22,2,130.88
"165",1128.18,1130.11,0,0,0,0,0,0,-111.901426578,40.4952724011,-111.94344956,40.5508508861,"OK",21.67,17.2,1,82.88
"166",1128.18,1128.05,0,0,0,0,0,0,-111.901426578,40.4952724011,-111.861369104,40.5357819585,"OK",32,12.78,1,84
"167",1128.18,1131.07,0,0,0,0,0,0,-111.901426578,40.4952724011,-112.019569271,40.5162767243,"OK",70.82,81.22,2,72.62
"168",1128.18,1128.22,20,0,0,0,0,20,-111.901426578,40.4952724011,-111.881538572,40.5515553247,"OK",28,19.27,1,77.85
"169",1128.18,1128.15,0,0,0,0,0,0,-111.901426578,40.4952724011,-111.796918933,40.5295233107,"OK",35,12.78,1,165.65
"170",1128.18,1128.04,20,0,0,0,0,20,-111.901426578,40.4952724011,-111.862777239,40.5515369657,"OK",10.4,0.03,0,94.78
"171",1128.18,1130.2,130,0,0,0,0,130,-111.901426578,40.4952724011,-111.99405361,40.5515488547,"OK",59.43,38.22,2,69.3
"172",1128.18,1131.05,20,0,0,0,0,20,-111.901426578,40.4952724011,-112.117993088,40.525950728,"OK",45.88,27.22,2,249.95
"173",1128.18,1128.18,0,0,0,0,0,0,-111.901426578,40.4952724011,-111.901426578,40.4952724011,"409",NA,NA,NA,NA
"174",1128.18,1128.16,0,0,0,0,0,0,-111.901426578,40.4952724011,-111.869461932,40.5058173534,"OK",0,0,0,90.98
"175",1128.18,1130.14,0,0,0,0,0,0,-111.901426578,40.4952724011,-111.948468112,40.5308388373,"OK",19.12,17.2,1,103.07
"176",1128.19,1130.17,40,0,0,0,0,40,-111.880069626,40.5140635727,-111.948248678,40.5113921689,"OK",61.05,57.58,3,44.4
"177",1128.19,1128.2,120,0,0,15,0,135,-111.880069626,40.5140635727,-111.879865905,40.4794072388,"OK",0,0,0,76.77
"178",1128.19,1128.17,520,0,0,0,0,520,-111.880069626,40.5140635727,-111.905268914,40.5305236091,"OK",0,0,0,60.23
"179",1128.19,1131.07,550,0,0,0,0,550,-111.880069626,40.5140635727,-112.019569271,40.5162767243,"OK",76.55,57.58,3,39.58
"180",1128.19,1128.16,200,0,0,0,0,200,-111.880069626,40.5140635727,-111.869461932,40.5058173534,"OK",0,0,0,24.33
"181",1128.19,1151.06,70,0,0,0,0,70,-111.880069626,40.5140635727,-112.004628549,40.4599044577,"OK",69.35,57.58,3,97.85
"182",1128.19,1130.14,80,0,0,0,0,80,-111.880069626,40.5140635727,-111.948468112,40.5308388373,"OK",58.1,57.58,3,45.47
"183",1128.19,1152.09,30,0,0,0,0,30,-111.880069626,40.5140635727,-112.034044038,40.5615932734,"OK",41.73,38.15,2,52.8
"184",1128.19,1128.1,80,0,0,0,0,80,-111.880069626,40.5140635727,-111.939987654,40.4779393131,"OK",0,0,0,136.27
"185",1128.19,1131.05,140,0,0,0,0,140,-111.880069626,40.5140635727,-112.117993088,40.525950728,"OK",51.62,63.58,3,216.92
"186",1128.19,1128.22,28,0,0,0,0,28,-111.880069626,40.5140635727,-111.881538572,40.5515553247,"OK",11.38,0.03,0,36.87
"187",1128.19,1130.12,20,0,0,0,0,20,-111.880069626,40.5140635727,-111.920766871,40.5589868638,"OK",7.27,0.03,0,67.92
"188",1128.19,1130.2,110,0,0,0,0,110,-111.880069626,40.5140635727,-111.99405361,40.5515488547,"OK",49.38,37.2,2,63.32
"189",1128.19,1130.11,20,0,0,0,0,20,-111.880069626,40.5140635727,-111.94344956,40.5508508861,"OK",15.7,17.55,1,66.63
"190",1128.19,1130.13,0,0,30,0,0,30,-111.880069626,40.5140635727,-111.975436902,40.5295980976,"OK",72.87,57.58,3,33.37
"191",1128.19,1128.18,0,0,0,0,0,0,-111.880069626,40.5140635727,-111.901426578,40.4952724011,"OK",0,0,0,102.83
"192",1128.19,1128.15,100,0,0,0,0,100,-111.880069626,40.5140635727,-111.796918933,40.5295233107,"OK",0,0,0,125.85
"193",1128.19,1146,200,0,0,0,0,200,-111.880069626,40.5140635727,-111.927991851,40.5189579801,"OK",0,0,0,85.22
"194",1128.19,1130.19,0,0,0,0,0,0,-111.880069626,40.5140635727,-111.969767252,40.549554591,"OK",55.7,74.58,3,45.62
"195",1128.19,1128.23,480,0,0,45,0,525,-111.880069626,40.5140635727,-111.880345644,40.5350877531,"OK",0,0,0,39.75
"196",1128.19,1128.21,20,0,10,0,0,30,-111.880069626,40.5140635727,-111.841314748,40.4979086579,"OK",0,0,0,64.93
"197",1128.19,1128.19,280,0,0,45,295,620,-111.880069626,40.5140635727,-111.880069626,40.5140635727,"409",NA,NA,NA,NA
"198",1128.19,1128.04,50,0,0,0,0,50,-111.880069626,40.5140635727,-111.862777239,40.5515369657,"OK",13.78,0.03,0,26.68
"199",1128.19,1130.16,50,0,0,0,0,50,-111.880069626,40.5140635727,-111.975449825,40.5114696296,"OK",66.1,57.58,3,33.82
"200",1128.19,1128.05,170,0,0,0,0,170,-111.880069626,40.5140635727,-111.861369104,40.5357819585,"OK",0,0,0,51.48
"201",1128.2,1130.13,40,0,0,0,0,40,-111.879865905,40.4794072388,-111.975436902,40.5295980976,"OK",10.87,0.03,0,121.47
"202",1128.2,1128.19,120,0,0,15,0,135,-111.879865905,40.4794072388,-111.880069626,40.5140635727,"OK",0,0,0,76.8
"203",1128.2,1130.12,100,0,0,0,0,100,-111.879865905,40.4794072388,-111.920766871,40.5589868638,"OK",7.27,0.03,0,125.77
"204",1128.2,1152.09,40,0,0,0,0,40,-111.879865905,40.4794072388,-112.034044038,40.5615932734,"OK",40,18.02,1,119.17
"205",1128.2,1131.05,0,0,0,0,0,0,-111.879865905,40.4794072388,-112.117993088,40.525950728,"OK",49.88,28.45,2,283.28
"206",1128.2,1128.18,0,0,0,0,0,0,-111.879865905,40.4794072388,-111.901426578,40.4952724011,"OK",0,0,0,72.9
"207",1128.2,1130.2,30,0,0,0,0,30,-111.879865905,40.4794072388,-111.99405361,40.5515488547,"OK",19.08,0.03,0,135.55
"208",1128.2,1128.23,130,0,0,0,0,130,-111.879865905,40.4794072388,-111.880345644,40.5350877531,"OK",0,0,0,100.62
"209",1128.2,1128.16,230,0,0,0,0,230,-111.879865905,40.4794072388,-111.869461932,40.5058173534,"OK",0,0,0,58.9
"210",1128.2,1128.04,70,0,0,0,0,70,-111.879865905,40.4794072388,-111.862777239,40.5515369657,"OK",15.12,0.03,0,88.97
"211",1128.2,1151.06,140,0,0,0,0,140,-111.879865905,40.4794072388,-112.004628549,40.4599044577,"OK",67.62,37.45,2,164.22
"212",1128.2,1130.17,40,0,0,0,0,40,-111.879865905,40.4794072388,-111.948248678,40.5113921689,"OK",0,0,0,135.5
"213",1128.2,1128.22,40,0,0,0,0,40,-111.879865905,40.4794072388,-111.881538572,40.5515553247,"OK",3,0.03,0,110.43
"214",1128.2,1128.2,210,0,0,60,585,855,-111.879865905,40.4794072388,-111.879865905,40.4794072388,"409",NA,NA,NA,NA
"215",1128.2,1128.17,420,0,0,0,25,445,-111.879865905,40.4794072388,-111.905268914,40.5305236091,"OK",0,0,0,118.18
"216",1128.2,1130.16,100,0,0,0,0,100,-111.879865905,40.4794072388,-111.975449825,40.5114696296,"OK",4.1,0.03,0,121.92
"217",1128.2,1146,30,0,0,0,0,30,-111.879865905,40.4794072388,-111.927991851,40.5189579801,"OK",0,0,0,129
"218",1128.2,1130.19,20,0,0,0,0,20,-111.879865905,40.4794072388,-111.969767252,40.549554591,"OK",12.73,0.03,0,149.08
"219",1128.2,1130.14,0,0,0,0,0,0,-111.879865905,40.4794072388,-111.948468112,40.5308388373,"OK",46.52,20.43,1,137.87
"220",1128.2,1128.1,0,0,0,0,0,0,-111.879865905,40.4794072388,-111.939987654,40.4779393131,"OK",0,0,0,106.33
"221",1128.2,1130.11,0,0,0,0,0,0,-111.879865905,40.4794072388,-111.94344956,40.5508508861,"OK",49.07,20.43,1,117.68
"222",1128.2,1128.15,0,0,0,0,0,0,-111.879865905,40.4794072388,-111.796918933,40.5295233107,"OK",0,0,0,164.45
"223",1128.2,1131.07,100,0,0,0,0,100,-111.879865905,40.4794072388,-112.019569271,40.5162767243,"OK",74.82,37.45,2,105.95
"224",1128.2,1128.05,30,0,0,0,0,30,-111.879865905,40.4794072388,-111.861369104,40.5357819585,"OK",0,0,0,107.33
"225",1128.2,1128.21,20,0,0,0,0,20,-111.879865905,40.4794072388,-111.841314748,40.4979086579,"OK",0,0,0,56.25
"226",1128.21,1130.16,30,0,0,0,0,30,-111.841314748,40.4979086579,-111.975449825,40.5114696296,"OK",64.37,37.45,2,66.1
"227",1128.21,1151.06,0,0,0,0,0,0,-111.841314748,40.4979086579,-112.004628549,40.4599044577,"OK",67.62,37.45,2,130.13
"228",1128.21,1128.05,65,0,0,0,0,65,-111.841314748,40.4979086579,-111.861369104,40.5357819585,"OK",0,0,0,79.47
"229",1128.21,1152.09,60,0,0,0,0,60,-111.841314748,40.4979086579,-112.034044038,40.5615932734,"OK",40,18.02,1,85.08
"230",1128.21,1128.23,90,0,0,0,0,90,-111.841314748,40.4979086579,-111.880345644,40.5350877531,"OK",2,0.03,0,74.5
"231",1128.21,1128.2,20,0,0,0,0,20,-111.841314748,40.4979086579,-111.879865905,40.4794072388,"OK",0,0,0,56.22
"232",1128.21,1128.22,40,0,0,0,0,40,-111.841314748,40.4979086579,-111.881538572,40.5515553247,"OK",3,0.03,0,76.35
"233",1128.21,1128.21,146,0,0,10,440,596,-111.841314748,40.4979086579,-111.841314748,40.4979086579,"409",NA,NA,NA,NA
"234",1128.21,1131.07,20,0,0,0,0,20,-111.841314748,40.4979086579,-112.019569271,40.5162767243,"OK",74.82,37.45,2,71.87
"235",1128.21,1130.11,0,0,0,0,0,0,-111.841314748,40.4979086579,-111.94344956,40.5508508861,"OK",49.07,20.43,1,83.6
"236",1128.21,1128.1,20,0,0,0,0,20,-111.841314748,40.4979086579,-111.939987654,40.4779393131,"OK",0,0,0,142.23
"237",1128.21,1130.12,0,0,0,0,0,0,-111.841314748,40.4979086579,-111.920766871,40.5589868638,"OK",50.45,20.43,1,77.85
"238",1128.21,1128.19,20,0,10,0,0,30,-111.841314748,40.4979086579,-111.880069626,40.5140635727,"OK",0,0,0,64.95
"239",1128.21,1128.17,550,0,0,0,0,550,-111.841314748,40.4979086579,-111.905268914,40.5305236091,"OK",11.22,0.03,0,89.68
"240",1128.21,1146,0,0,0,0,0,0,-111.841314748,40.4979086579,-111.927991851,40.5189579801,"OK",11.22,0.03,0,114.67
"241",1128.21,1130.13,20,0,0,0,0,20,-111.841314748,40.4979086579,-111.975436902,40.5295980976,"OK",71.13,37.45,2,65.65
"242",1128.21,1130.17,0,0,0,0,0,0,-111.841314748,40.4979086579,-111.948248678,40.5113921689,"OK",59.32,37.45,2,76.68
"243",1128.21,1130.14,0,0,0,0,0,0,-111.841314748,40.4979086579,-111.948468112,40.5308388373,"OK",56.37,37.45,2,77.75
"244",1128.21,1130.19,0,0,0,0,0,0,-111.841314748,40.4979086579,-111.969767252,40.549554591,"OK",51.22,37.45,2,85.12
"245",1128.21,1128.04,20,0,0,0,0,20,-111.841314748,40.4979086579,-111.862777239,40.5515369657,"OK",15.9,0.03,0,61.38
"246",1128.21,1128.15,20,0,0,0,0,20,-111.841314748,40.4979086579,-111.796918933,40.5295233107,"OK",0,0,0,119.82
"247",1128.21,1131.05,8,0,0,0,0,8,-111.841314748,40.4979086579,-112.117993088,40.525950728,"OK",49.88,28.45,2,249.2
"248",1128.21,1128.16,20,0,20,0,0,40,-111.841314748,40.4979086579,-111.869461932,40.5058173534,"OK",0,0,0,52.28
"249",1128.21,1130.2,20,0,0,0,0,20,-111.841314748,40.4979086579,-111.99405361,40.5515488547,"OK",46.35,37.45,2,80.07
"250",1128.21,1128.18,0,0,0,0,0,0,-111.841314748,40.4979086579,-111.901426578,40.4952724011,"OK",0,0,0,108.8
"251",1128.22,1146,50,0,0,0,0,50,-111.881538572,40.5515553247,-111.927991851,40.5189579801,"OK",38,11.27,1,54.07
"252",1128.22,1128.05,80,0,0,0,0,80,-111.881538572,40.5515553247,-111.861369104,40.5357819585,"OK",5.02,0.03,0,14.43
"253",1128.22,1128.1,30,0,0,0,0,30,-111.881538572,40.5515553247,-111.939987654,40.4779393131,"OK",38,11.27,1,105.4
"254",1128.22,1128.17,390,0,0,0,0,390,-111.881538572,40.5515553247,-111.905268914,40.5305236091,"OK",31.8,11.27,1,33.18
"255",1128.22,1128.18,20,0,0,0,0,20,-111.881538572,40.5515553247,-111.901426578,40.4952724011,"OK",38,11.27,1,71.75
"256",1128.22,1128.16,60,0,0,0,0,60,-111.881538572,40.5515553247,-111.869461932,40.5058173534,"OK",5,0.03,0,51.4
"257",1128.22,1128.15,40,0,0,0,0,40,-111.881538572,40.5515553247,-111.796918933,40.5295233107,"OK",2.4,0.03,0,116.7
"258",1128.22,1128.04,80,20,0,0,0,100,-111.881538572,40.5515553247,-111.862777239,40.5515369657,"OK",2.4,0.03,0,11.85
"259",1128.22,1131.05,0,0,0,0,0,0,-111.881538572,40.5515553247,-112.117993088,40.525950728,"OK",46.88,28.45,2,202.92
"260",1128.22,1128.21,40,0,0,0,0,40,-111.881538572,40.5515553247,-111.841314748,40.4979086579,"OK",5,0.03,0,76.22
"261",1128.22,1130.12,20,0,0,0,0,20,-111.881538572,40.5515553247,-111.920766871,40.5589868638,"OK",13.82,19.47,1,43.38
"262",1128.22,1152.09,8,0,0,0,0,8,-111.881538572,40.5515553247,-112.034044038,40.5615932734,"OK",37,18.02,1,38.8
"263",1128.22,1131.07,0,0,0,0,0,0,-111.881538572,40.5515553247,-112.019569271,40.5162767243,"OK",71.82,37.45,2,25.58
"264",1128.22,1130.11,0,0,0,0,0,0,-111.881538572,40.5515553247,-111.94344956,40.5508508861,"OK",58.07,12.23,1,33.5
"265",1128.22,1128.22,130,0,0,0,75,205,-111.881538572,40.5515553247,-111.881538572,40.5515553247,"409",NA,NA,NA,NA
"266",1128.22,1128.2,40,0,0,0,0,40,-111.881538572,40.5515553247,-111.879865905,40.4794072388,"OK",5,0.03,0,110.28
"267",1128.22,1130.13,0,0,0,0,0,0,-111.881538572,40.5515553247,-111.975436902,40.5295980976,"OK",68.13,37.45,2,19.37
"268",1128.22,1128.19,28,0,0,0,0,28,-111.881538572,40.5515553247,-111.880069626,40.5140635727,"OK",11.88,0.03,0,37.08
"269",1128.22,1128.23,118,0,0,0,0,118,-111.881538572,40.5515553247,-111.880345644,40.5350877531,"OK",0,0,0,29.97
"270",1128.22,1130.19,20,0,0,0,0,20,-111.881538572,40.5515553247,-111.969767252,40.549554591,"OK",48.22,37.45,2,38.83
"271",1128.22,1130.17,20,0,0,0,0,20,-111.881538572,40.5515553247,-111.948248678,40.5113921689,"OK",56.32,37.45,2,30.4
"272",1128.22,1151.06,0,0,0,0,0,0,-111.881538572,40.5515553247,-112.004628549,40.4599044577,"OK",64.62,37.45,2,83.85
"273",1128.22,1130.16,8,10,0,0,0,18,-111.881538572,40.5515553247,-111.975449825,40.5114696296,"OK",61.37,37.45,2,19.82
"274",1128.22,1130.14,40,0,0,0,0,40,-111.881538572,40.5515553247,-111.948468112,40.5308388373,"OK",55.52,12.23,1,53.68
"275",1128.22,1130.2,0,0,0,0,0,0,-111.881538572,40.5515553247,-111.99405361,40.5515488547,"OK",43.35,37.45,2,33.78
"276",1128.23,1128.16,40,0,20,0,0,60,-111.880345644,40.5350877531,-111.869461932,40.5058173534,"OK",3,0.03,0,49.55
"277",1128.23,1128.04,100,0,0,0,0,100,-111.880345644,40.5350877531,-111.862777239,40.5515369657,"OK",14.92,17.78,1,13.83
"278",1128.23,1130.12,130,0,0,0,0,130,-111.880345644,40.5350877531,-111.920766871,40.5589868638,"OK",48.45,20.43,1,29.72
"279",1128.23,1130.2,40,0,0,0,0,40,-111.880345644,40.5350877531,-111.99405361,40.5515488547,"OK",44.35,37.45,2,31.93
"280",1128.23,1130.11,0,0,0,0,0,0,-111.880345644,40.5350877531,-111.94344956,40.5508508861,"OK",47.07,20.43,1,35.47
"281",1128.23,1128.05,60,0,0,0,0,60,-111.880345644,40.5350877531,-111.861369104,40.5357819585,"OK",0,0,0,32.53
"282",1128.23,1128.21,90,0,0,0,0,90,-111.880345644,40.5350877531,-111.841314748,40.4979086579,"OK",3,0.03,0,74.37
"283",1128.23,1151.06,40,0,0,0,0,40,-111.880345644,40.5350877531,-112.004628549,40.4599044577,"OK",65.62,37.45,2,82
"284",1128.23,1128.19,480,0,0,45,0,525,-111.880345644,40.5350877531,-111.880069626,40.5140635727,"OK",0,0,0,39.75
"285",1128.23,1128.17,450,0,0,0,0,450,-111.880345644,40.5350877531,-111.905268914,40.5305236091,"OK",0,0,0,48.68
"286",1128.23,1128.18,0,0,0,0,0,0,-111.880345644,40.5350877531,-111.901426578,40.4952724011,"OK",27,19.47,1,73.72
"287",1128.23,1130.16,100,0,0,0,0,100,-111.880345644,40.5350877531,-111.975449825,40.5114696296,"OK",62.37,37.45,2,17.97
"288",1128.23,1130.17,30,0,0,0,0,30,-111.880345644,40.5350877531,-111.948248678,40.5113921689,"OK",57.32,37.45,2,28.55
"289",1128.23,1131.05,60,0,0,0,0,60,-111.880345644,40.5350877531,-112.117993088,40.525950728,"OK",47.88,28.45,2,201.07
"290",1128.23,1128.22,118,0,0,0,0,118,-111.880345644,40.5350877531,-111.881538572,40.5515553247,"OK",0,0,0,29.97
"291",1128.23,1130.19,8,0,0,0,0,8,-111.880345644,40.5350877531,-111.969767252,40.549554591,"OK",49.22,37.45,2,36.98
"292",1128.23,1152.09,30,0,0,20,0,50,-111.880345644,40.5350877531,-112.034044038,40.5615932734,"OK",38,18.02,1,36.95
"293",1128.23,1128.23,220,0,0,30,240,490,-111.880345644,40.5350877531,-111.880345644,40.5350877531,"409",NA,NA,NA,NA
"294",1128.23,1131.07,150,0,0,0,0,150,-111.880345644,40.5350877531,-112.019569271,40.5162767243,"OK",72.82,37.45,2,23.73
"295",1128.23,1128.15,130,0,0,0,0,130,-111.880345644,40.5350877531,-111.796918933,40.5295233107,"OK",3,0.03,0,116.83
"296",1128.23,1128.2,130,0,0,0,0,130,-111.880345644,40.5350877531,-111.879865905,40.4794072388,"OK",0,0,0,100.6
"297",1128.23,1130.14,60,0,0,0,0,60,-111.880345644,40.5350877531,-111.948468112,40.5308388373,"OK",54.37,37.45,2,29.62
"298",1128.23,1146,0,0,0,0,0,0,-111.880345644,40.5350877531,-111.927991851,40.5189579801,"OK",0,0,0,73.67
"299",1128.23,1128.1,120,0,0,0,0,120,-111.880345644,40.5350877531,-111.939987654,40.4779393131,"OK",58.27,37.45,2,70.65
"300",1128.23,1130.13,30,0,0,0,0,30,-111.880345644,40.5350877531,-111.975436902,40.5295980976,"OK",69.13,37.45,2,17.52
"301",1130.11,1128.16,140,0,0,0,0,140,-111.94344956,40.5508508861,-111.869461932,40.5058173534,"OK",34,35.3,2,58.6
"302",1130.11,1128.1,70,0,0,0,0,70,-111.94344956,40.5508508861,-111.939987654,40.4779393131,"OK",0,0,0,121.23
"303",1130.11,1128.22,0,0,0,0,0,0,-111.94344956,40.5508508861,-111.881538572,40.5515553247,"OK",29,35.3,2,39.43
"304",1130.11,1131.05,90,0,0,0,0,90,-111.94344956,40.5508508861,-112.117993088,40.525950728,"OK",28.88,20.88,2,210.03
"305",1130.11,1130.2,140,0,0,0,0,140,-111.94344956,40.5508508861,-111.99405361,40.5515488547,"OK",5.43,0.03,0,56.17
"306",1130.11,1146,0,0,0,0,0,0,-111.94344956,40.5508508861,-111.927991851,40.5189579801,"OK",0,0,0,64.75
"307",1130.11,1128.04,50,0,0,0,0,50,-111.94344956,40.5508508861,-111.862777239,40.5515369657,"OK",58.92,13.87,1,21.55
"308",1130.11,1128.19,20,0,0,0,0,20,-111.94344956,40.5508508861,-111.880069626,40.5140635727,"OK",42.25,48.78,3,50.25
"309",1130.11,1130.12,190,0,0,0,0,190,-111.94344956,40.5508508861,-111.920766871,40.5589868638,"OK",0,0,0,39.55
"310",1130.11,1130.11,190,0,0,0,220,410,-111.94344956,40.5508508861,-111.94344956,40.5508508861,"409",NA,NA,NA,NA
"311",1130.11,1130.14,100,0,0,0,0,100,-111.94344956,40.5508508861,-111.948468112,40.5308388373,"OK",0,0,0,47.53
"312",1130.11,1130.13,80,0,0,0,0,80,-111.94344956,40.5508508861,-111.975436902,40.5295980976,"OK",50.13,44.88,2,26.48
"313",1130.11,1130.16,60,0,0,0,0,60,-111.94344956,40.5508508861,-111.975449825,40.5114696296,"OK",43.37,44.88,2,26.93
"314",1130.11,1128.2,0,0,0,0,0,0,-111.94344956,40.5508508861,-111.879865905,40.4794072388,"OK",34,35.3,2,117.48
"315",1130.11,1131.07,0,0,0,0,0,0,-111.94344956,40.5508508861,-112.019569271,40.5162767243,"OK",53.82,44.88,2,32.7
"316",1130.11,1128.15,0,0,0,0,0,0,-111.94344956,40.5508508861,-111.796918933,40.5295233107,"OK",34,35.3,2,125.88
"317",1130.11,1128.21,0,0,0,0,0,0,-111.94344956,40.5508508861,-111.841314748,40.4979086579,"OK",34,35.3,2,83.42
"318",1130.11,1151.06,70,0,0,0,0,70,-111.94344956,40.5508508861,-112.004628549,40.4599044577,"OK",46.62,44.88,2,90.97
"319",1130.11,1152.09,40,0,0,0,0,40,-111.94344956,40.5508508861,-112.034044038,40.5615932734,"OK",19,10.45,1,45.92
"320",1130.11,1130.19,70,0,0,0,0,70,-111.94344956,40.5508508861,-111.969767252,40.549554591,"OK",0,0,0,47.72
"321",1130.11,1128.18,0,0,0,0,0,0,-111.94344956,40.5508508861,-111.901426578,40.4952724011,"OK",21,32.93,1,84.92
"322",1130.11,1130.17,60,0,0,0,0,60,-111.94344956,40.5508508861,-111.948248678,40.5113921689,"OK",0,0,0,74.6
"323",1130.11,1128.17,420,0,0,0,0,420,-111.94344956,40.5508508861,-111.905268914,40.5305236091,"OK",7.98,0.03,0,56.3
"324",1130.11,1128.23,0,0,0,0,0,0,-111.94344956,40.5508508861,-111.880345644,40.5350877531,"OK",31,35.3,2,37.58
"325",1130.11,1128.05,0,0,0,0,0,0,-111.94344956,40.5508508861,-111.861369104,40.5357819585,"OK",31,35.3,2,44.23
"326",1130.12,1128.22,20,0,0,0,0,20,-111.920766871,40.5589868638,-111.881538572,40.5515553247,"OK",6.82,0.03,0,49.32
"327",1130.12,1128.23,130,0,0,0,0,130,-111.920766871,40.5589868638,-111.880345644,40.5350877531,"OK",32.55,35.3,2,32
"328",1130.12,1128.19,20,0,0,0,0,20,-111.920766871,40.5589868638,-111.880069626,40.5140635727,"OK",18.7,0.03,0,63.93
"329",1130.12,1128.21,0,0,0,0,0,0,-111.920766871,40.5589868638,-111.841314748,40.4979086579,"OK",35.55,35.3,2,77.83
"330",1130.12,1128.18,0,0,10,0,0,10,-111.920766871,40.5589868638,-111.901426578,40.4952724011,"OK",12.18,0.03,0,87.82
"331",1130.12,1128.17,550,0,0,0,0,550,-111.920766871,40.5589868638,-111.905268914,40.5305236091,"OK",5.98,0.03,0,49.25
"332",1130.12,1146,50,0,0,0,0,50,-111.920766871,40.5589868638,-111.927991851,40.5189579801,"OK",4.13,0.03,0,55.12
"333",1130.12,1128.15,110,0,0,0,0,110,-111.920766871,40.5589868638,-111.796918933,40.5295233107,"OK",11.83,0.03,0,130.55
"334",1130.12,1130.19,200,0,0,0,0,200,-111.920766871,40.5589868638,-111.969767252,40.549554591,"OK",31.77,44.88,2,40.37
"335",1130.12,1130.13,0,0,0,0,0,0,-111.920766871,40.5589868638,-111.975436902,40.5295980976,"OK",51.68,44.88,2,20.9
"336",1130.12,1131.07,500,0,0,0,0,500,-111.920766871,40.5589868638,-112.019569271,40.5162767243,"OK",55.37,44.88,2,27.12
"337",1130.12,1128.04,0,0,0,0,0,0,-111.920766871,40.5589868638,-111.862777239,40.5515369657,"OK",6,0.03,0,38.48
"338",1130.12,1130.12,150,0,0,0,135,285,-111.920766871,40.5589868638,-111.920766871,40.5589868638,"409",NA,NA,NA,NA
"339",1130.12,1130.14,50,0,0,0,0,50,-111.920766871,40.5589868638,-111.948468112,40.5308388373,"OK",4.13,0.03,0,57.43
"340",1130.12,1151.06,98,0,0,0,0,98,-111.920766871,40.5589868638,-112.004628549,40.4599044577,"OK",48.17,44.88,2,85.38
"341",1130.12,1128.16,50,0,0,0,0,50,-111.920766871,40.5589868638,-111.869461932,40.5058173534,"OK",17.37,0.03,0,67.32
"342",1130.12,1128.1,50,0,0,0,0,50,-111.920766871,40.5589868638,-111.939987654,40.4779393131,"OK",40.82,44.88,2,74.03
"343",1130.12,1130.2,440,0,0,0,0,440,-111.920766871,40.5589868638,-111.99405361,40.5515488547,"OK",26.9,44.88,2,35.32
"344",1130.12,1130.11,190,0,0,0,0,190,-111.920766871,40.5589868638,-111.94344956,40.5508508861,"OK",0,0,0,39.58
"345",1130.12,1152.09,150,0,0,0,0,150,-111.920766871,40.5589868638,-112.034044038,40.5615932734,"OK",20.55,10.45,1,40.33
"346",1130.12,1130.16,160,0,0,0,0,160,-111.920766871,40.5589868638,-111.975449825,40.5114696296,"OK",44.92,44.88,2,21.35
"347",1130.12,1130.17,0,0,0,0,0,0,-111.920766871,40.5589868638,-111.948248678,40.5113921689,"OK",39.87,44.88,2,31.93
"348",1130.12,1128.2,100,0,0,0,0,100,-111.920766871,40.5589868638,-111.879865905,40.4794072388,"OK",17.37,0.03,0,126.2
"349",1130.12,1131.05,8,0,10,0,0,18,-111.920766871,40.5589868638,-112.117993088,40.525950728,"OK",30.43,20.88,2,204.45
"350",1130.12,1128.05,0,0,0,0,0,0,-111.920766871,40.5589868638,-111.861369104,40.5357819585,"OK",11.83,0.03,0,41.28
"351",1130.13,1130.13,110,0,0,10,195,315,-111.975436902,40.5295980976,-111.975436902,40.5295980976,"409",NA,NA,NA,NA
"352",1130.13,1130.19,60,0,0,10,0,70,-111.975436902,40.5295980976,-111.969767252,40.549554591,"OK",0,0,0,40.5
"353",1130.13,1128.17,200,0,0,0,0,200,-111.975436902,40.5295980976,-111.905268914,40.5305236091,"OK",54.87,28.98,2,35.63
"354",1130.13,1146,60,0,0,0,0,60,-111.975436902,40.5295980976,-111.927991851,40.5189579801,"OK",47.63,0.03,0,15.82
"355",1130.13,1128.15,0,0,0,0,0,0,-111.975436902,40.5295980976,-111.796918933,40.5295233107,"OK",62.62,44.13,3,99.12
"356",1130.13,1128.05,50,0,0,0,0,50,-111.975436902,40.5295980976,-111.861369104,40.5357819585,"OK",62.62,44.13,3,9.85
"357",1130.13,1128.23,30,0,0,0,0,30,-111.975436902,40.5295980976,-111.880345644,40.5350877531,"OK",49.87,23.18,2,19.87
"358",1130.13,1130.17,30,0,0,0,0,30,-111.975436902,40.5295980976,-111.948248678,40.5113921689,"OK",48.18,0.03,0,16.53
"359",1130.13,1128.18,0,0,0,0,0,0,-111.975436902,40.5295980976,-111.901426578,40.4952724011,"OK",54.87,28.98,2,68.63
"360",1130.13,1131.05,20,0,0,0,0,20,-111.975436902,40.5295980976,-112.117993088,40.525950728,"OK",19.75,25.03,1,189.05
"361",1130.13,1128.04,20,0,0,0,0,20,-111.975436902,40.5295980976,-111.862777239,40.5515369657,"OK",56.78,44.13,3,7.05
"362",1130.13,1130.11,80,0,0,0,0,80,-111.975436902,40.5295980976,-111.94344956,40.5508508861,"OK",38.87,50.52,2,26.22
"363",1130.13,1128.19,0,0,30,0,0,30,-111.975436902,40.5295980976,-111.880069626,40.5140635727,"OK",61.12,51.67,3,32.53
"364",1130.13,1130.16,200,0,0,0,0,200,-111.975436902,40.5295980976,-111.975449825,40.5114696296,"OK",0,0,0,28.27
"365",1130.13,1128.21,20,0,0,0,0,20,-111.975436902,40.5295980976,-111.841314748,40.4979086579,"OK",52.87,23.18,2,65.7
"366",1130.13,1130.2,70,0,0,0,0,70,-111.975436902,40.5295980976,-111.99405361,40.5515488547,"OK",8.22,0.03,0,19.58
"367",1130.13,1152.09,60,0,0,0,0,60,-111.975436902,40.5295980976,-112.034044038,40.5615932734,"OK",18.87,12.22,1,28.22
"368",1130.13,1128.22,0,0,0,0,0,0,-111.975436902,40.5295980976,-111.881538572,40.5515553247,"OK",47.87,23.18,2,21.72
"369",1130.13,1131.07,190,0,0,0,0,190,-111.975436902,40.5295980976,-112.019569271,40.5162767243,"OK",44.68,19.03,1,11.72
"370",1130.13,1130.14,20,0,0,0,0,20,-111.975436902,40.5295980976,-111.948468112,40.5308388373,"OK",45.23,0.03,0,17.6
"371",1130.13,1130.12,0,0,0,0,0,0,-111.975436902,40.5295980976,-111.920766871,40.5589868638,"OK",40.62,50.52,2,20.75
"372",1130.13,1128.16,30,0,0,0,0,30,-111.975436902,40.5295980976,-111.869461932,40.5058173534,"OK",52.87,23.18,2,40.88
"373",1130.13,1151.06,120,0,0,0,0,120,-111.975436902,40.5295980976,-112.004628549,40.4599044577,"OK",37.48,19.03,1,69.98
"374",1130.13,1128.1,60,0,0,0,0,60,-111.975436902,40.5295980976,-111.939987654,40.4779393131,"OK",49.13,0.03,0,58.63
"375",1130.13,1128.2,40,0,0,0,0,40,-111.975436902,40.5295980976,-111.879865905,40.4794072388,"OK",52.87,23.18,2,99.77
"376",1130.14,1131.05,60,0,0,0,0,60,-111.948468112,40.5308388373,-112.117993088,40.525950728,"OK",34.52,25.03,1,201.15
"377",1130.14,1130.19,40,0,0,0,0,40,-111.948468112,40.5308388373,-111.969767252,40.549554591,"OK",0,0,0,49.67
"378",1130.14,1130.2,20,0,0,0,0,20,-111.948468112,40.5308388373,-111.99405361,40.5515488547,"OK",22.98,0.03,0,31.68
"379",1130.14,1128.2,0,0,0,0,0,0,-111.948468112,40.5308388373,-111.879865905,40.4794072388,"OK",3.9,0.03,0,133.55
"380",1130.14,1130.11,100,0,0,0,0,100,-111.948468112,40.5308388373,-111.94344956,40.5508508861,"OK",0,0,0,47.53
"381",1130.14,1128.15,50,0,0,0,0,50,-111.948468112,40.5308388373,-111.796918933,40.5295233107,"OK",77.38,44.13,3,111.22
"382",1130.14,1128.04,0,0,0,0,0,0,-111.948468112,40.5308388373,-111.862777239,40.5515369657,"OK",71.55,44.13,3,19.15
"383",1130.14,1130.14,110,0,0,10,70,190,-111.948468112,40.5308388373,-111.948468112,40.5308388373,"409",NA,NA,NA,NA
"384",1130.14,1128.19,80,0,0,0,0,80,-111.948468112,40.5308388373,-111.880069626,40.5140635727,"OK",75.88,51.67,3,44.63
"385",1130.14,1130.12,50,0,0,0,0,50,-111.948468112,40.5308388373,-111.920766871,40.5589868638,"OK",3.93,0.03,0,57.8
"386",1130.14,1152.09,90,0,0,0,0,90,-111.948468112,40.5308388373,-112.034044038,40.5615932734,"OK",33.63,12.22,1,40.32
"387",1130.14,1128.17,250,0,0,0,0,250,-111.948468112,40.5308388373,-111.905268914,40.5305236091,"OK",0,0,0,66.38
"388",1130.14,1128.21,0,0,0,0,0,0,-111.948468112,40.5308388373,-111.841314748,40.4979086579,"OK",67.63,23.18,2,77.8
"389",1130.14,1128.18,0,0,0,0,0,0,-111.948468112,40.5308388373,-111.901426578,40.4952724011,"OK",69.63,28.98,2,80.73
"390",1130.14,1128.16,60,0,0,0,0,60,-111.948468112,40.5308388373,-111.869461932,40.5058173534,"OK",67.63,23.18,2,52.98
"391",1130.14,1128.23,60,0,0,0,0,60,-111.948468112,40.5308388373,-111.880345644,40.5350877531,"OK",64.63,23.18,2,31.97
"392",1130.14,1131.07,90,0,0,0,0,90,-111.948468112,40.5308388373,-112.019569271,40.5162767243,"OK",27.45,51.03,1,23.82
"393",1130.14,1130.13,20,0,0,0,0,20,-111.948468112,40.5308388373,-111.975436902,40.5295980976,"OK",14.77,0.03,0,17.6
"394",1130.14,1130.17,130,0,15,0,0,145,-111.948468112,40.5308388373,-111.948248678,40.5113921689,"OK",0,0,0,31.3
"395",1130.14,1146,70,0,0,0,0,70,-111.948468112,40.5308388373,-111.927991851,40.5189579801,"OK",0,0,0,38.77
"396",1130.14,1151.06,0,0,0,0,0,0,-111.948468112,40.5308388373,-112.004628549,40.4599044577,"OK",20.25,51.03,1,82.08
"397",1130.14,1128.1,170,0,0,0,0,170,-111.948468112,40.5308388373,-111.939987654,40.4779393131,"OK",3.9,0.03,0,70.73
"398",1130.14,1130.16,30,0,0,0,0,30,-111.948468112,40.5308388373,-111.975449825,40.5114696296,"OK",8,0.03,0,18.05
"399",1130.14,1128.22,40,0,0,0,0,40,-111.948468112,40.5308388373,-111.881538572,40.5515553247,"OK",62.63,23.18,2,33.82
"400",1130.14,1128.05,40,0,0,0,0,40,-111.948468112,40.5308388373,-111.861369104,40.5357819585,"OK",77.38,44.13,3,21.95
"401",1130.16,1131.07,380,0,0,0,0,380,-111.975449825,40.5114696296,-112.019569271,40.5162767243,"OK",18.82,0.03,0,14.62
"402",1130.16,1130.16,240,0,20,50,280,590,-111.975449825,40.5114696296,-111.975449825,40.5114696296,"409",NA,NA,NA,NA
"403",1130.16,1130.17,230,0,0,0,0,230,-111.975449825,40.5114696296,-111.948248678,40.5113921689,"OK",0,0,0,51.23
"404",1130.16,1130.12,160,0,0,0,0,160,-111.975449825,40.5114696296,-111.920766871,40.5589868638,"OK",45.05,50.52,2,21.2
"405",1130.16,1130.11,60,0,0,0,0,60,-111.975449825,40.5114696296,-111.94344956,40.5508508861,"OK",43.3,50.52,2,26.67
"406",1130.16,1128.05,40,0,0,0,0,40,-111.975449825,40.5114696296,-111.861369104,40.5357819585,"OK",74,29.18,2,29.42
"407",1130.16,1128.23,100,0,0,0,0,100,-111.975449825,40.5114696296,-111.880345644,40.5350877531,"OK",54.3,23.18,2,20.32
"408",1130.16,1128.22,8,10,0,0,0,18,-111.975449825,40.5114696296,-111.881538572,40.5515553247,"OK",52.3,23.18,2,22.17
"409",1130.16,1128.15,8,0,0,0,0,8,-111.975449825,40.5114696296,-111.796918933,40.5295233107,"OK",77,29.18,2,111.07
"410",1130.16,1130.2,400,0,0,0,0,400,-111.975449825,40.5114696296,-111.99405361,40.5515488547,"OK",12.65,0.03,0,20.03
"411",1130.16,1128.21,30,0,0,0,0,30,-111.975449825,40.5114696296,-111.841314748,40.4979086579,"OK",57.3,23.18,2,66.15
"412",1130.16,1151.06,130,0,0,0,0,130,-111.975449825,40.5114696296,-112.004628549,40.4599044577,"OK",11.62,0.03,0,72.88
"413",1130.16,1131.05,210,0,0,0,0,210,-111.975449825,40.5114696296,-112.117993088,40.525950728,"OK",25,0.03,0,192.13
"414",1130.16,1128.16,70,0,0,0,0,70,-111.975449825,40.5114696296,-111.869461932,40.5058173534,"OK",57.3,23.18,2,41.33
"415",1130.16,1128.19,50,0,0,0,0,50,-111.975449825,40.5114696296,-111.880069626,40.5140635727,"OK",65.55,51.67,3,32.98
"416",1130.16,1128.17,170,0,0,0,0,170,-111.975449825,40.5114696296,-111.905268914,40.5305236091,"OK",59.3,28.98,2,36.08
"417",1130.16,1128.18,40,0,0,0,0,40,-111.975449825,40.5114696296,-111.901426578,40.4952724011,"OK",59.3,28.98,2,69.08
"418",1130.16,1152.09,120,0,0,0,0,120,-111.975449825,40.5114696296,-112.034044038,40.5615932734,"OK",23.3,12.22,1,28.67
"419",1130.16,1130.14,30,0,0,0,0,30,-111.975449825,40.5114696296,-111.948468112,40.5308388373,"OK",49.67,0.03,0,18.05
"420",1130.16,1130.13,200,0,0,0,0,200,-111.975449825,40.5114696296,-111.975436902,40.5295980976,"OK",4.43,0.03,0,5.95
"421",1130.16,1146,140,0,0,0,0,140,-111.975449825,40.5114696296,-111.927991851,40.5189579801,"OK",52.07,0.03,0,16.27
"422",1130.16,1128.04,0,0,0,0,0,0,-111.975449825,40.5114696296,-111.862777239,40.5515369657,"OK",61.22,44.13,3,7.5
"423",1130.16,1128.1,100,0,0,0,0,100,-111.975449825,40.5114696296,-111.939987654,40.4779393131,"OK",0,0,0,88.45
"424",1130.16,1128.2,100,0,0,0,0,100,-111.975449825,40.5114696296,-111.879865905,40.4794072388,"OK",57.3,23.18,2,100.22
"425",1130.16,1130.19,60,0,0,0,0,60,-111.975449825,40.5114696296,-111.969767252,40.549554591,"OK",47.4,16.9,1,18.2
"426",1130.17,1128.16,110,0,0,0,0,110,-111.948248678,40.5113921689,-111.869461932,40.5058173534,"OK",64.68,23.18,2,51.98
"427",1130.17,1151.06,40,0,0,0,0,40,-111.948248678,40.5113921689,-112.004628549,40.4599044577,"OK",17.3,51.03,1,81.08
"428",1130.17,1128.21,0,0,0,0,0,0,-111.948248678,40.5113921689,-111.841314748,40.4979086579,"OK",64.68,23.18,2,76.8
"429",1130.17,1128.18,50,0,0,0,0,50,-111.948248678,40.5113921689,-111.901426578,40.4952724011,"OK",66.68,28.98,2,79.73
"430",1130.17,1130.2,0,0,0,0,0,0,-111.948248678,40.5113921689,-111.99405361,40.5515488547,"OK",20.03,0.03,0,30.68
"431",1130.17,1130.14,130,0,15,0,0,145,-111.948248678,40.5113921689,-111.948468112,40.5308388373,"OK",0,0,0,31.58
"432",1130.17,1128.1,90,0,0,0,0,90,-111.948248678,40.5113921689,-111.939987654,40.4779393131,"OK",0,0,0,72.73
"433",1130.17,1130.13,30,0,0,0,0,30,-111.948248678,40.5113921689,-111.975436902,40.5295980976,"OK",11.82,0.03,0,16.6
"434",1130.17,1128.23,30,0,0,0,0,30,-111.948248678,40.5113921689,-111.880345644,40.5350877531,"OK",61.68,23.18,2,30.97
"435",1130.17,1131.05,20,0,0,0,0,20,-111.948248678,40.5113921689,-112.117993088,40.525950728,"OK",31.57,25.03,1,200.15
"436",1130.17,1130.17,260,0,0,10,195,465,-111.948248678,40.5113921689,-111.948248678,40.5113921689,"409",NA,NA,NA,NA
"437",1130.17,1128.17,260,0,0,0,0,260,-111.948248678,40.5113921689,-111.905268914,40.5305236091,"OK",0,0,0,70.17
"438",1130.17,1128.05,30,0,0,0,0,30,-111.948248678,40.5113921689,-111.861369104,40.5357819585,"OK",74.43,44.13,3,20.95
"439",1130.17,1128.2,40,0,0,0,0,40,-111.948248678,40.5113921689,-111.879865905,40.4794072388,"OK",0,0,0,135.55
"440",1130.17,1146,60,0,0,15,0,75,-111.948248678,40.5113921689,-111.927991851,40.5189579801,"OK",0,0,0,32.55
"441",1130.17,1130.16,230,0,0,0,0,230,-111.948248678,40.5113921689,-111.975449825,40.5114696296,"OK",5.05,0.03,0,17.05
"442",1130.17,1128.22,20,0,0,0,0,20,-111.948248678,40.5113921689,-111.881538572,40.5515553247,"OK",59.68,23.18,2,32.82
"443",1130.17,1128.15,0,0,0,0,0,0,-111.948248678,40.5113921689,-111.796918933,40.5295233107,"OK",74.43,44.13,3,110.22
"444",1130.17,1152.09,70,0,0,0,0,70,-111.948248678,40.5113921689,-112.034044038,40.5615932734,"OK",30.68,12.22,1,39.32
"445",1130.17,1130.19,70,0,0,0,0,70,-111.948248678,40.5113921689,-111.969767252,40.549554591,"OK",54.78,16.9,1,28.85
"446",1130.17,1128.04,0,0,0,0,0,0,-111.948248678,40.5113921689,-111.862777239,40.5515369657,"OK",68.6,44.13,3,18.15
"447",1130.17,1130.12,0,0,0,0,0,0,-111.948248678,40.5113921689,-111.920766871,40.5589868638,"OK",52.43,50.52,2,31.85
"448",1130.17,1128.19,40,0,0,0,0,40,-111.948248678,40.5113921689,-111.880069626,40.5140635727,"OK",72.93,51.67,3,43.63
"449",1130.17,1131.07,60,0,0,0,0,60,-111.948248678,40.5113921689,-112.019569271,40.5162767243,"OK",24.5,51.03,1,22.82
"450",1130.17,1130.11,60,0,0,0,0,60,-111.948248678,40.5113921689,-111.94344956,40.5508508861,"OK",0,0,0,74.78
"451",1130.19,1128.05,20,0,0,0,0,20,-111.969767252,40.549554591,-111.861369104,40.5357819585,"OK",58.03,30.18,2,38.77
"452",1130.19,1130.11,70,0,0,0,0,70,-111.969767252,40.549554591,-111.94344956,40.5508508861,"OK",0,0,0,47.68
"453",1130.19,1130.19,80,0,0,20,295,395,-111.969767252,40.549554591,-111.969767252,40.549554591,"409",NA,NA,NA,NA
"454",1130.19,1128.16,30,0,0,0,0,30,-111.969767252,40.549554591,-111.869461932,40.5058173534,"OK",72.78,23.18,2,60.35
"455",1130.19,1128.22,20,0,0,0,0,20,-111.969767252,40.549554591,-111.881538572,40.5515553247,"OK",67.78,23.18,2,41.18
"456",1130.19,1130.16,60,0,0,0,0,60,-111.969767252,40.549554591,-111.975449825,40.5114696296,"OK",13.15,0.03,0,25.42
"457",1130.19,1128.23,8,0,0,0,0,8,-111.969767252,40.549554591,-111.880345644,40.5350877531,"OK",69.78,23.18,2,39.33
"458",1130.19,1128.04,40,0,0,0,0,40,-111.969767252,40.549554591,-111.862777239,40.5515369657,"OK",67.78,23.18,2,55.93
"459",1130.19,1130.13,60,0,0,10,0,70,-111.969767252,40.549554591,-111.975436902,40.5295980976,"OK",0,0,0,40.5
"460",1130.19,1131.05,50,0,0,0,0,50,-111.969767252,40.549554591,-112.117993088,40.525950728,"OK",44.92,0.03,0,201.3
"461",1130.19,1128.2,20,0,0,0,0,20,-111.969767252,40.549554591,-111.879865905,40.4794072388,"OK",9.05,0.03,0,140.92
"462",1130.19,1128.15,20,0,0,0,0,20,-111.969767252,40.549554591,-111.796918933,40.5295233107,"OK",61.03,30.18,2,120.42
"463",1130.19,1152.09,90,0,0,0,0,90,-111.969767252,40.549554591,-112.034044038,40.5615932734,"OK",38.78,12.22,1,47.68
"464",1130.19,1128.21,0,0,0,0,0,0,-111.969767252,40.549554591,-111.841314748,40.4979086579,"OK",72.78,23.18,2,85.17
"465",1130.19,1128.18,0,0,0,0,0,0,-111.969767252,40.549554591,-111.901426578,40.4952724011,"OK",74.78,28.98,2,88.1
"466",1130.19,1130.14,40,0,0,0,0,40,-111.969767252,40.549554591,-111.948468112,40.5308388373,"OK",0,0,0,49.67
"467",1130.19,1131.07,270,0,0,0,0,270,-111.969767252,40.549554591,-112.019569271,40.5162767243,"OK",52.85,11.03,1,23.97
"468",1130.19,1130.2,140,0,25,0,0,165,-111.969767252,40.549554591,-111.99405361,40.5515488547,"OK",9.47,0.03,0,20.65
"469",1130.19,1128.1,90,0,0,0,0,90,-111.969767252,40.549554591,-111.939987654,40.4779393131,"OK",9.05,0.03,0,78.1
"470",1130.19,1151.06,110,0,0,0,0,110,-111.969767252,40.549554591,-112.004628549,40.4599044577,"OK",45.65,11.03,1,82.23
"471",1130.19,1146,0,0,0,0,0,0,-111.969767252,40.549554591,-111.927991851,40.5189579801,"OK",7.55,0.03,0,35.28
"472",1130.19,1130.12,200,0,0,0,0,200,-111.969767252,40.549554591,-111.920766871,40.5589868638,"OK",1.75,0.03,0,66.65
"473",1130.19,1128.17,318,10,0,0,0,328,-111.969767252,40.549554591,-111.905268914,40.5305236091,"OK",7.08,0.03,0,67.53
"474",1130.19,1128.19,0,0,0,0,0,0,-111.969767252,40.549554591,-111.880069626,40.5140635727,"OK",69.28,43.67,3,44.78
"475",1130.19,1130.17,70,0,0,0,0,70,-111.969767252,40.549554591,-111.948248678,40.5113921689,"OK",8.1,0.03,0,36
"476",1130.2,1128.04,0,0,0,0,0,0,-111.99405361,40.5515488547,-111.862777239,40.5515369657,"OK",67.47,50.37,3,10.68
"477",1130.2,1128.22,0,0,0,0,0,0,-111.99405361,40.5515488547,-111.881538572,40.5515553247,"OK",46.57,30.18,2,24.65
"478",1130.2,1128.2,30,0,0,0,0,30,-111.99405361,40.5515488547,-111.879865905,40.4794072388,"OK",51.57,30.18,2,102.7
"479",1130.2,1128.23,40,0,0,0,0,40,-111.99405361,40.5515488547,-111.880345644,40.5350877531,"OK",48.57,30.18,2,22.8
"480",1130.2,1152.09,100,0,0,0,0,100,-111.99405361,40.5515488547,-112.034044038,40.5615932734,"OK",17.57,19.22,1,31.15
"481",1130.2,1130.13,70,0,0,0,0,70,-111.99405361,40.5515488547,-111.975436902,40.5295980976,"OK",39.7,11.03,1,8.43
"482",1130.2,1128.18,130,0,0,0,0,130,-111.99405361,40.5515488547,-111.901426578,40.4952724011,"OK",53.57,80.98,2,71.57
"483",1130.2,1128.17,550,0,0,120,0,670,-111.99405361,40.5515488547,-111.905268914,40.5305236091,"OK",26.87,11.03,1,51
"484",1130.2,1130.14,20,0,0,0,0,20,-111.99405361,40.5515488547,-111.948468112,40.5308388373,"OK",24.93,11.03,1,20.53
"485",1130.2,1128.05,20,0,0,0,0,20,-111.99405361,40.5515488547,-111.861369104,40.5357819585,"OK",48.57,30.18,2,29.45
"486",1130.2,1130.2,180,0,75,210,815,1280,-111.99405361,40.5515488547,-111.99405361,40.5515488547,"409",NA,NA,NA,NA
"487",1130.2,1131.05,120,0,0,0,0,120,-111.99405361,40.5515488547,-112.117993088,40.525950728,"OK",35.45,0.03,0,191.98
"488",1130.2,1128.15,0,0,0,0,0,0,-111.99405361,40.5515488547,-111.796918933,40.5295233107,"OK",51.57,30.18,2,111.1
"489",1130.2,1128.21,20,0,0,0,0,20,-111.99405361,40.5515488547,-111.841314748,40.4979086579,"OK",51.57,30.18,2,68.63
"490",1130.2,1130.17,0,0,0,0,0,0,-111.99405361,40.5515488547,-111.948248678,40.5113921689,"OK",27.88,11.03,1,19.47
"491",1130.2,1130.16,400,0,0,0,0,400,-111.99405361,40.5515488547,-111.975449825,40.5114696296,"OK",32.93,11.03,1,8.88
"492",1130.2,1151.06,50,0,0,0,0,50,-111.99405361,40.5515488547,-112.004628549,40.4599044577,"OK",36.18,11.03,1,72.92
"493",1130.2,1128.19,110,0,0,0,0,110,-111.99405361,40.5515488547,-111.880069626,40.5140635727,"OK",59.82,43.67,3,35.47
"494",1130.2,1130.11,140,0,0,0,0,140,-111.99405361,40.5515488547,-111.94344956,40.5508508861,"OK",37.57,42.52,2,29.15
"495",1130.2,1130.19,140,0,25,0,0,165,-111.99405361,40.5515488547,-111.969767252,40.549554591,"OK",4.87,0.03,0,39.42
"496",1130.2,1128.1,70,0,0,0,0,70,-111.99405361,40.5515488547,-111.939987654,40.4779393131,"OK",28.83,11.03,1,61.57
"497",1130.2,1131.07,110,0,0,0,0,110,-111.99405361,40.5515488547,-112.019569271,40.5162767243,"OK",43.38,11.03,1,14.65
"498",1130.2,1146,0,0,0,0,0,0,-111.99405361,40.5515488547,-111.927991851,40.5189579801,"OK",27.33,11.03,1,18.75
"499",1130.2,1128.16,100,0,0,0,0,100,-111.99405361,40.5515488547,-111.869461932,40.5058173534,"OK",51.57,30.18,2,43.82
"500",1130.2,1130.12,440,0,0,0,0,440,-111.99405361,40.5515488547,-111.920766871,40.5589868638,"OK",39.32,42.52,2,23.68
"501",1131.05,1128.15,0,0,0,0,0,0,-112.117993088,40.525950728,-111.796918933,40.5295233107,"OK",50.75,29.18,2,291.65
"502",1131.05,1128.2,0,0,0,0,0,0,-112.117993088,40.525950728,-111.879865905,40.4794072388,"OK",50.75,29.18,2,283.25
"503",1131.05,1130.17,20,0,0,0,0,20,-112.117993088,40.525950728,-111.948248678,40.5113921689,"OK",27.07,10.03,1,200.02
"504",1131.05,1130.19,50,0,0,0,0,50,-112.117993088,40.525950728,-111.969767252,40.549554591,"OK",18.97,10.03,1,208.45
"505",1131.05,1128.18,20,0,0,0,0,20,-112.117993088,40.525950728,-111.901426578,40.4952724011,"OK",52.75,79.98,2,252.12
"506",1131.05,1152.09,100,0,0,0,0,100,-112.117993088,40.525950728,-112.034044038,40.5615932734,"OK",16.75,18.22,1,211.7
"507",1131.05,1128.19,140,0,0,0,0,140,-112.117993088,40.525950728,-111.880069626,40.5140635727,"OK",59,42.67,3,216.02
"508",1131.05,1130.2,120,0,0,0,0,120,-112.117993088,40.525950728,-111.99405361,40.5515488547,"OK",24.55,0.03,0,191.88
"509",1131.05,1151.06,50,0,0,0,0,50,-112.117993088,40.525950728,-112.004628549,40.4599044577,"OK",45.37,0.03,0,253.47
"510",1131.05,1128.16,20,0,0,0,0,20,-112.117993088,40.525950728,-111.869461932,40.5058173534,"OK",50.75,29.18,2,224.37
"511",1131.05,1130.14,60,0,0,0,0,60,-112.117993088,40.525950728,-111.948468112,40.5308388373,"OK",24.12,10.03,1,201.08
"512",1131.05,1130.11,90,0,0,0,0,90,-112.117993088,40.525950728,-111.94344956,40.5508508861,"OK",36.75,41.52,2,209.7
"513",1131.05,1146,30,0,0,0,0,30,-112.117993088,40.525950728,-111.927991851,40.5189579801,"OK",26.52,10.03,1,199.3
"514",1131.05,1130.12,8,0,10,0,0,18,-112.117993088,40.525950728,-111.920766871,40.5589868638,"OK",38.5,41.52,2,204.23
"515",1131.05,1130.16,210,0,0,0,0,210,-112.117993088,40.525950728,-111.975449825,40.5114696296,"OK",33.75,0.03,0,191.9
"516",1131.05,1128.21,8,0,0,0,0,8,-112.117993088,40.525950728,-111.841314748,40.4979086579,"OK",50.75,29.18,2,249.18
"517",1131.05,1128.17,420,0,0,0,0,420,-112.117993088,40.525950728,-111.905268914,40.5305236091,"OK",26.05,10.03,1,231.55
"518",1131.05,1128.04,0,0,0,0,0,0,-112.117993088,40.525950728,-111.862777239,40.5515369657,"OK",66.65,49.37,3,191.23
"519",1131.05,1128.22,0,0,0,0,0,0,-112.117993088,40.525950728,-111.881538572,40.5515553247,"OK",45.75,29.18,2,205.2
"520",1131.05,1128.1,50,0,0,0,0,50,-112.117993088,40.525950728,-111.939987654,40.4779393131,"OK",28.02,10.03,1,242.12
"521",1131.05,1130.13,20,0,0,0,0,20,-112.117993088,40.525950728,-111.975436902,40.5295980976,"OK",38.88,10.03,1,188.98
"522",1131.05,1131.07,100,0,0,0,0,100,-112.117993088,40.525950728,-112.019569271,40.5162767243,"OK",52.57,0.03,0,195.2
"523",1131.05,1131.05,70,0,0,4,170,244,-112.117993088,40.525950728,-112.117993088,40.525950728,"409",NA,NA,NA,NA
"524",1131.05,1128.23,60,0,0,0,0,60,-112.117993088,40.525950728,-111.880345644,40.5350877531,"OK",47.75,29.18,2,203.35
"525",1131.05,1128.05,20,0,0,0,0,20,-112.117993088,40.525950728,-111.861369104,40.5357819585,"OK",47.75,29.18,2,210
"526",1131.07,1130.14,90,0,0,0,0,90,-112.019569271,40.5162767243,-111.948468112,40.5308388373,"OK",31.55,10.03,1,23.78
"527",1131.07,1128.04,0,0,0,0,0,0,-112.019569271,40.5162767243,-111.862777239,40.5515369657,"OK",74.08,49.37,3,13.93
"528",1131.07,1128.1,310,0,0,0,0,310,-112.019569271,40.5162767243,-111.939987654,40.4779393131,"OK",35.45,10.03,1,64.82
"529",1131.07,1128.19,550,0,0,0,0,550,-112.019569271,40.5162767243,-111.880069626,40.5140635727,"OK",66.43,42.67,3,38.72
"530",1131.07,1146,30,0,0,0,0,30,-112.019569271,40.5162767243,-111.927991851,40.5189579801,"OK",33.95,10.03,1,22
"531",1131.07,1130.19,270,0,0,0,0,270,-112.019569271,40.5162767243,-111.969767252,40.549554591,"OK",29.15,27.03,1,23.93
"532",1131.07,1130.13,190,0,0,0,0,190,-112.019569271,40.5162767243,-111.975436902,40.5295980976,"OK",46.32,10.03,1,11.68
"533",1131.07,1128.15,0,0,0,0,0,0,-112.019569271,40.5162767243,-111.796918933,40.5295233107,"OK",58.18,29.18,2,114.35
"534",1131.07,1128.2,100,0,0,0,0,100,-112.019569271,40.5162767243,-111.879865905,40.4794072388,"OK",58.18,29.18,2,105.95
"535",1131.07,1128.23,150,0,0,0,0,150,-112.019569271,40.5162767243,-111.880345644,40.5350877531,"OK",55.18,29.18,2,26.05
"536",1131.07,1130.2,110,0,0,0,0,110,-112.019569271,40.5162767243,-111.99405361,40.5515488547,"OK",38.62,27.03,1,14.58
"537",1131.07,1131.05,100,0,0,0,0,100,-112.019569271,40.5162767243,-112.117993088,40.525950728,"OK",0,0,0,206.68
"538",1131.07,1131.07,940,0,0,35,730,1705,-112.019569271,40.5162767243,-112.019569271,40.5162767243,"409",NA,NA,NA,NA
"539",1131.07,1151.06,500,0,0,0,0,500,-112.019569271,40.5162767243,-112.004628549,40.4599044577,"OK",0,0,0,101.7
"540",1131.07,1128.18,0,0,0,0,0,0,-112.019569271,40.5162767243,-111.901426578,40.4952724011,"OK",60.18,79.98,2,74.82
"541",1131.07,1128.05,0,0,0,0,0,0,-112.019569271,40.5162767243,-111.861369104,40.5357819585,"OK",55.18,29.18,2,32.7
"542",1131.07,1130.12,500,0,0,0,0,500,-112.019569271,40.5162767243,-111.920766871,40.5589868638,"OK",45.93,41.52,2,26.93
"543",1131.07,1130.16,380,0,0,0,0,380,-112.019569271,40.5162767243,-111.975449825,40.5114696296,"OK",41.18,0.03,0,14.6
"544",1131.07,1130.17,60,0,0,0,0,60,-112.019569271,40.5162767243,-111.948248678,40.5113921689,"OK",34.5,10.03,1,22.72
"545",1131.07,1128.21,20,0,0,0,0,20,-112.019569271,40.5162767243,-111.841314748,40.4979086579,"OK",58.18,29.18,2,71.88
"546",1131.07,1128.17,1680,80,0,0,0,1760,-112.019569271,40.5162767243,-111.905268914,40.5305236091,"OK",33.48,10.03,1,54.25
"547",1131.07,1152.09,110,0,0,0,0,110,-112.019569271,40.5162767243,-112.034044038,40.5615932734,"OK",24.18,18.22,1,34.4
"548",1131.07,1128.22,0,0,0,0,0,0,-112.019569271,40.5162767243,-111.881538572,40.5515553247,"OK",53.18,29.18,2,27.9
"549",1131.07,1130.11,0,0,0,0,0,0,-112.019569271,40.5162767243,-111.94344956,40.5508508861,"OK",44.18,41.52,2,32.4
"550",1131.07,1128.16,160,0,0,0,0,160,-112.019569271,40.5162767243,-111.869461932,40.5058173534,"OK",58.18,29.18,2,47.07
"551",1146,1152.09,60,0,0,0,0,60,-111.927991851,40.5189579801,-112.034044038,40.5615932734,"OK",31.23,12.22,1,38.53
"552",1146,1130.17,60,0,0,15,0,75,-111.927991851,40.5189579801,-111.948248678,40.5113921689,"OK",0,0,0,32.5
"553",1146,1131.05,30,0,0,0,0,30,-111.927991851,40.5189579801,-112.117993088,40.525950728,"OK",32.12,25.03,1,199.37
"554",1146,1128.17,250,0,0,0,0,250,-111.927991851,40.5189579801,-111.905268914,40.5305236091,"OK",0,0,0,40.23
"555",1146,1128.22,50,0,0,0,0,50,-111.927991851,40.5189579801,-111.881538572,40.5515553247,"OK",60.23,23.18,2,32.03
"556",1146,1128.2,30,0,0,0,0,30,-111.927991851,40.5189579801,-111.879865905,40.4794072388,"OK",0,0,0,128.98
"557",1146,1130.14,70,0,0,0,0,70,-111.927991851,40.5189579801,-111.948468112,40.5308388373,"OK",0,0,0,38.65
"558",1146,1128.19,200,0,0,0,0,200,-111.927991851,40.5189579801,-111.880069626,40.5140635727,"OK",0,0,0,85.17
"559",1146,1146,240,0,15,15,385,655,-111.927991851,40.5189579801,-111.927991851,40.5189579801,"409",NA,NA,NA,NA
"560",1146,1130.2,0,0,0,0,0,0,-111.927991851,40.5189579801,-111.99405361,40.5515488547,"OK",20.58,0.03,0,29.9
"561",1146,1130.11,0,0,0,0,0,0,-111.927991851,40.5189579801,-111.94344956,40.5508508861,"OK",0,0,0,64.7
"562",1146,1130.13,60,0,0,0,0,60,-111.927991851,40.5189579801,-111.975436902,40.5295980976,"OK",12.37,0.03,0,15.82
"563",1146,1128.1,40,0,0,15,0,55,-111.927991851,40.5189579801,-111.939987654,40.4779393131,"OK",0,0,0,77.8
"564",1146,1128.21,0,0,0,0,0,0,-111.927991851,40.5189579801,-111.841314748,40.4979086579,"OK",65.23,23.18,2,76.02
"565",1146,1130.16,140,0,0,0,0,140,-111.927991851,40.5189579801,-111.975449825,40.5114696296,"OK",5.6,0.03,0,16.27
"566",1146,1130.12,50,0,0,0,0,50,-111.927991851,40.5189579801,-111.920766871,40.5589868638,"OK",6.07,0.03,0,56.55
"567",1146,1128.05,0,0,0,0,0,0,-111.927991851,40.5189579801,-111.861369104,40.5357819585,"OK",58.87,13.87,1,42.93
"568",1146,1128.23,0,0,0,0,0,0,-111.927991851,40.5189579801,-111.880345644,40.5350877531,"OK",62.23,23.18,2,30.18
"569",1146,1128.04,30,0,0,0,0,30,-111.927991851,40.5189579801,-111.862777239,40.5515369657,"OK",53.03,13.87,1,40.13
"570",1146,1151.06,0,0,0,0,0,0,-111.927991851,40.5189579801,-112.004628549,40.4599044577,"OK",17.85,51.03,1,80.3
"571",1146,1128.16,70,0,0,0,0,70,-111.927991851,40.5189579801,-111.869461932,40.5058173534,"OK",65.23,23.18,2,51.2
"572",1146,1128.15,0,0,0,0,0,0,-111.927991851,40.5189579801,-111.796918933,40.5295233107,"OK",58.87,13.87,1,132.2
"573",1146,1130.19,0,0,0,0,0,0,-111.927991851,40.5189579801,-111.969767252,40.549554591,"OK",55.33,16.9,1,28.07
"574",1146,1128.18,0,0,0,0,0,0,-111.927991851,40.5189579801,-111.901426578,40.4952724011,"OK",0,0,0,94.83
"575",1146,1131.07,30,0,0,0,0,30,-111.927991851,40.5189579801,-112.019569271,40.5162767243,"OK",25.05,51.03,1,22.03
"576",1151.06,1128.2,140,0,0,0,0,140,-112.004628549,40.4599044577,-111.879865905,40.4794072388,"OK",65.38,29.18,2,164.38
"577",1151.06,1131.07,500,0,0,0,0,500,-112.004628549,40.4599044577,-112.019569271,40.5162767243,"OK",7.2,0.03,0,76.33
"578",1151.06,1146,0,0,0,0,0,0,-112.004628549,40.4599044577,-111.927991851,40.5189579801,"OK",41.15,10.03,1,80.43
"579",1151.06,1130.13,120,0,0,0,0,120,-112.004628549,40.4599044577,-111.975436902,40.5295980976,"OK",53.52,10.03,1,70.12
"580",1151.06,1152.09,100,0,0,0,0,100,-112.004628549,40.4599044577,-112.034044038,40.5615932734,"OK",31.38,18.22,1,92.83
"581",1151.06,1151.06,90,0,0,0,395,485,-112.004628549,40.4599044577,-112.004628549,40.4599044577,"409",NA,NA,NA,NA
"582",1151.06,1128.1,50,0,0,0,0,50,-112.004628549,40.4599044577,-111.939987654,40.4779393131,"OK",0,0,0,146.38
"583",1151.06,1128.16,30,0,0,0,0,30,-112.004628549,40.4599044577,-111.869461932,40.5058173534,"OK",65.38,29.18,2,105.5
"584",1151.06,1130.14,0,0,0,0,0,0,-112.004628549,40.4599044577,-111.948468112,40.5308388373,"OK",38.75,10.03,1,82.22
"585",1151.06,1130.12,98,0,0,0,0,98,-112.004628549,40.4599044577,-111.920766871,40.5589868638,"OK",53.13,41.52,2,85.37
"586",1151.06,1128.04,8,0,0,0,0,8,-112.004628549,40.4599044577,-111.862777239,40.5515369657,"OK",81.28,49.37,3,72.37
"587",1151.06,1128.22,0,0,0,0,0,0,-112.004628549,40.4599044577,-111.881538572,40.5515553247,"OK",60.38,29.18,2,86.33
"588",1151.06,1130.19,110,0,0,0,0,110,-112.004628549,40.4599044577,-111.969767252,40.549554591,"OK",36.35,27.03,1,82.37
"589",1151.06,1128.19,70,0,0,0,0,70,-112.004628549,40.4599044577,-111.880069626,40.5140635727,"OK",73.63,42.67,3,97.15
"590",1151.06,1128.17,310,0,0,0,0,310,-112.004628549,40.4599044577,-111.905268914,40.5305236091,"OK",40.68,10.03,1,112.68
"591",1151.06,1130.17,40,0,0,0,0,40,-112.004628549,40.4599044577,-111.948248678,40.5113921689,"OK",41.7,10.03,1,81.15
"592",1151.06,1130.11,70,0,0,0,0,70,-112.004628549,40.4599044577,-111.94344956,40.5508508861,"OK",51.38,41.52,2,90.83
"593",1151.06,1128.15,0,0,0,0,0,0,-112.004628549,40.4599044577,-111.796918933,40.5295233107,"OK",65.38,29.18,2,172.78
"594",1151.06,1131.05,50,0,0,0,0,50,-112.004628549,40.4599044577,-112.117993088,40.525950728,"OK",13.38,0.03,0,253.85
"595",1151.06,1130.2,50,0,0,0,0,50,-112.004628549,40.4599044577,-111.99405361,40.5515488547,"OK",45.82,27.03,1,73.02
"596",1151.06,1128.18,30,0,0,0,0,30,-112.004628549,40.4599044577,-111.901426578,40.4952724011,"OK",67.38,79.98,2,133.25
"597",1151.06,1128.05,0,0,0,0,0,0,-112.004628549,40.4599044577,-111.861369104,40.5357819585,"OK",62.38,29.18,2,91.13
"598",1151.06,1128.21,0,0,0,0,0,0,-112.004628549,40.4599044577,-111.841314748,40.4979086579,"OK",65.38,29.18,2,130.32
"599",1151.06,1130.16,130,0,0,0,0,130,-112.004628549,40.4599044577,-111.975449825,40.5114696296,"OK",48.38,0.03,0,73.03
"600",1151.06,1128.23,40,0,0,0,0,40,-112.004628549,40.4599044577,-111.880345644,40.5350877531,"OK",62.38,29.18,2,84.48
"601",1152.09,1128.04,20,0,0,0,0,20,-112.034044038,40.5615932734,-111.862777239,40.5515369657,"OK",37.92,31.95,2,26.12
"602",1152.09,1130.14,90,0,0,0,0,90,-112.034044038,40.5615932734,-111.948468112,40.5308388373,"OK",10.07,21.47,1,65.9
"603",1152.09,1128.05,50,0,0,0,0,50,-112.034044038,40.5615932734,-111.861369104,40.5357819585,"OK",31,11,1,45.58
"604",1152.09,1130.17,70,0,0,0,0,70,-112.034044038,40.5615932734,-111.948248678,40.5113921689,"OK",19.32,19.47,1,37.08
"605",1152.09,1128.18,0,0,0,0,0,0,-112.034044038,40.5615932734,-111.901426578,40.4952724011,"OK",36,16.8,1,87.7
"606",1152.09,1130.19,90,0,0,0,0,90,-112.034044038,40.5615932734,-111.969767252,40.549554591,"OK",13.97,21.47,1,38.3
"607",1152.09,1151.06,100,0,0,0,0,100,-112.034044038,40.5615932734,-112.004628549,40.4599044577,"OK",27.62,19.47,1,90.53
"608",1152.09,1128.2,40,0,0,0,0,40,-112.034044038,40.5615932734,-111.879865905,40.4794072388,"OK",34,11,1,118.83
"609",1152.09,1131.07,110,0,0,0,0,110,-112.034044038,40.5615932734,-112.019569271,40.5162767243,"OK",10.78,10.47,1,62.2
"610",1152.09,1128.16,110,0,0,0,0,110,-112.034044038,40.5615932734,-111.869461932,40.5058173534,"OK",34,11,1,59.95
"611",1152.09,1128.21,60,0,0,0,0,60,-112.034044038,40.5615932734,-111.841314748,40.4979086579,"OK",34,11,1,84.77
"612",1152.09,1130.2,100,0,0,0,0,100,-112.034044038,40.5615932734,-111.99405361,40.5515488547,"OK",23.43,21.47,1,28.95
"613",1152.09,1128.17,300,0,0,0,0,300,-112.034044038,40.5615932734,-111.905268914,40.5305236091,"OK",36,16.8,1,54.7
"614",1152.09,1130.12,150,0,0,0,0,150,-112.034044038,40.5615932734,-111.920766871,40.5589868638,"OK",21.75,23.33,1,39.82
"615",1152.09,1130.13,60,0,0,0,0,60,-112.034044038,40.5615932734,-111.975436902,40.5295980976,"OK",10.07,21.47,1,39.12
"616",1152.09,1130.16,120,0,0,0,0,120,-112.034044038,40.5615932734,-111.975449825,40.5114696296,"OK",16,34.47,1,28.97
"617",1152.09,1131.05,100,0,0,0,0,100,-112.034044038,40.5615932734,-112.117993088,40.525950728,"OK",0,0,0,215.53
"618",1152.09,1130.11,40,0,0,0,0,40,-112.034044038,40.5615932734,-111.94344956,40.5508508861,"OK",20,23.33,1,45.28
"619",1152.09,1128.1,20,0,0,0,0,20,-112.034044038,40.5615932734,-111.939987654,40.4779393131,"OK",20.27,19.47,1,79.18
"620",1152.09,1128.22,8,0,0,0,0,8,-112.034044038,40.5615932734,-111.881538572,40.5515553247,"OK",29,11,1,40.78
"621",1152.09,1128.19,30,0,0,0,0,30,-112.034044038,40.5615932734,-111.880069626,40.5140635727,"OK",42.25,24.48,2,51.6
"622",1152.09,1146,60,0,0,0,0,60,-112.034044038,40.5615932734,-111.927991851,40.5189579801,"OK",18.77,19.47,1,36.37
"623",1152.09,1128.15,20,0,0,0,0,20,-112.034044038,40.5615932734,-111.796918933,40.5295233107,"OK",34,11,1,127.23
"624",1152.09,1128.23,30,0,0,20,0,50,-112.034044038,40.5615932734,-111.880345644,40.5350877531,"OK",31,11,1,38.93
"625",1152.09,1152.09,260,0,0,0,165,425,-112.034044038,40.5615932734,-112.034044038,40.5615932734,NA,NA,NA,NA,NA
